0,0.03,0.48,-0.062,-0.75,0.37,-0.18,-1.4,0.03,0.48,-0.062,-0.75,0.37,-0.18,-1.4
1,0.039,0.44,-0.03,-0.9,0.46,-0.15,-1.3,0.064,0.5,-0.01,-0.5,0.33,-0.12,-1.3
2,0.042,0.41,-0.1,-1.4,0.55,-0.21,-1,0.054,0.43,-0.05,-0.2,0.32,-0.21,-1.7
3,0.007,0.41,-0.02,-1.4,0.5,-0.19,-2.3,0.043,0.43,-0.09,-1.1,0.37,-0.17,-1.9
4,0.014,0.42,-0.05,-0.4,0.56,-0.11,-1.1,0.029,0.51,-0,-1.2,0.53,-0.23,-1.8
5,0.028,0.47,-0.02,-0.9,0.48,-0.21,-0.8,0.054,0.52,-0.02,-0.6,0.59,-0.23,-2.3
6,0.034,0.57,-0.1,-0.9,0.45,-0.22,-1.8,0.043,0.5,-0.03,-0,0.46,-0.18,-1
7,0.043,0.49,-0.03,-0.4,0.38,-0.14,-0.9,0.046,0.41,-0.03,-1.3,0.32,-0.21,-2
8,0.041,0.47,-0.06,-1,0.31,-0.23,-2,0.075,0.51,-0.02,-1.1,0.4,-0.17,-2.2
9,0.029,0.52,-0.02,-0.7,0.5,-0.08,-1.5,0.029,0.58,-0,-1.2,0.46,-0.2,-1.4
10,0.009,0.42,-0.09,-0.5,0.49,-0.16,-1.8,0.052,0.51,-0.08,-1.2,0.4,-0.16,-1.4
11,0.017,0.55,-0.04,-0.7,0.58,-0.11,-1.4,0.02,0.54,-0.02,-0.8,0.44,-0.2,-1.1
12,0.073,0.56,-0.07,-0.9,0.47,-0.19,-0.6,0.055,0.49,-0.12,-0.8,0.35,-0.21,-1.9
13,0.01,0.47,-0.04,-0.7,0.44,-0.21,-1.9,0.061,0.52,-0.1,-1.1,0.51,-0.16,-0.9
14,0.066,0.56,-0.12,-1.4,0.34,-0.24,-1.6,0.075,0.55,-0.11,-1.4,0.55,-0.23,-2
15,0.041,0.54,-0.05,-0.1,0.41,-0.23,-2,0.03,0.47,-0.07,-0.6,0.59,-0.18,-2
16,0.078,0.6,-0.04,-0.1,0.36,-0.22,-1.6,0.037,0.53,-0.05,-0.4,0.53,-0.2,-1.4
17,0.071,0.46,-0.02,-1.2,0.37,-0.13,-2,0.016,0.49,-0.04,-1.3,0.42,-0.18,-1.8
18,0.058,0.45,-0.01,-0.8,0.59,-0.08,-0.9,0.01,0.42,-0.07,-0.4,0.49,-0.22,-2.3
19,0.061,0.4,-0.04,-1,0.34,-0.24,-1.3,0.063,0.41,-0.1,-1,0.53,-0.16,-0.6
20,0.014,0.4,-0.04,-0.6,0.5,-0.15,-0.7,0.035,0.41,-0.05,-1.4,0.51,-0.1,-1.3
21,0.084,0.59,-0.09,-1.2,0.56,-0.21,-2.3,0.082,0.51,-0.01,-1.4,0.41,-0.23,-1.5
22,0.069,0.54,-0.11,-0.5,0.56,-0.23,-2.2,0.006,0.44,-0.06,-0.3,0.31,-0.23,-0.7
23,0.07,0.43,-0.08,-0.4,0.38,-0.18,-2,0.017,0.54,-0.01,-1.3,0.42,-0.16,-1.9
24,0.008,0.49,-0.03,-1.5,0.47,-0.13,-1.1,0.061,0.5,-0.09,-0.8,0.5,-0.14,-1.4
25,0.049,0.42,-0.01,-0.2,0.43,-0.12,-2.3,0.05,0.55,-0.04,-0.7,0.36,-0.17,-0.6
26,0.075,0.42,-0.05,-0.1,0.55,-0.21,-2.4,0.059,0.5,-0.08,-0.7,0.41,-0.11,-1.2
27,0.011,0.46,-0.07,-1.2,0.46,-0.22,-2.5,0.083,0.48,-0.1,-0.7,0.39,-0.18,-0.7
28,0.047,0.42,-0,-0.9,0.32,-0.16,-1.2,0.037,0.47,-0.1,-0.5,0.5,-0.12,-2.2
29,0.009,0.49,-0.01,-0.6,0.33,-0.12,-1.7,0.055,0.46,-0.04,-1.3,0.38,-0.21,-2.2
30,0.012,0.53,-0.02,-1.2,0.4,-0.2,-1.3,0.078,0.55,-0.01,-1.4,0.5,-0.12,-2.1
31,0.023,0.59,-0.09,-0.4,0.42,-0.19,-1.3,0.075,0.45,-0,-1.1,0.59,-0.16,-1.8
32,0.031,0.4,-0.03,-0.7,0.32,-0.13,-2.3,0.057,0.56,-0.06,-0.4,0.48,-0.22,-2.3
33,0.079,0.48,-0.01,-1.1,0.47,-0.16,-1.8,0.063,0.57,-0.1,-1.2,0.54,-0.22,-1
34,0.065,0.55,-0.04,-1.1,0.31,-0.2,-0.5,0.06,0.56,-0.07,-1,0.42,-0.22,-2.3
35,0.047,0.48,-0.1,-1.4,0.49,-0.18,-0.6,0.041,0.56,-0.07,-0.3,0.44,-0.19,-2.1
36,0.011,0.51,-0.09,-1,0.47,-0.2,-2.5,0.028,0.54,-0.07,-1.3,0.43,-0.22,-1.9
37,0.019,0.52,-0.1,-1.5,0.55,-0.19,-1.5,0.039,0.53,-0.12,-0.1,0.42,-0.2,-0.9
38,0.024,0.55,-0.08,-1.4,0.53,-0.22,-1.3,0.036,0.59,-0.12,-0.7,0.44,-0.23,-1.4
39,0.032,0.42,-0.03,-1.2,0.49,-0.1,-0.7,0.06,0.47,-0.1,-1.2,0.42,-0.11,-1.5
40,0.073,0.47,-0.07,-0.3,0.4,-0.19,-1.2,0.02,0.58,-0,-0.9,0.49,-0.16,-0.7
41,0.049,0.57,-0.01,-0.6,0.54,-0.21,-2.1,0.037,0.49,-0.01,-1,0.46,-0.12,-1.7
42,0.033,0.57,-0.06,-0.9,0.3,-0.23,-1.7,0.064,0.53,-0.03,-0.9,0.39,-0.22,-1.8
43,0.03,0.53,-0.1,-0.2,0.34,-0.17,-2.3,0.026,0.44,-0.1,-1.1,0.4,-0.19,-1.8
44,0.023,0.41,-0.04,-0.3,0.4,-0.16,-1.2,0.031,0.4,-0.05,-0.2,0.54,-0.13,-1.6
45,0.08,0.42,-0.07,-1,0.58,-0.19,-1,0.008,0.47,-0.09,-0.9,0.5,-0.2,-1.1
46,0.083,0.57,-0.01,-0.2,0.53,-0.16,-1.2,0.019,0.42,-0.01,-1.1,0.58,-0.14,-1.9
47,0.056,0.59,-0.03,-1.4,0.54,-0.14,-1.4,0.038,0.56,-0.04,-1.2,0.44,-0.24,-0.8
48,0.009,0.46,-0.12,-0.3,0.52,-0.24,-1.2,0.013,0.49,-0.06,-1.1,0.6,-0.22,-1.6
49,0.007,0.54,-0.04,-1.5,0.31,-0.2,-2.4,0.029,0.5,-0.02,-0.3,0.57,-0.23,-1.4
50,0.006,0.48,-0.1,-0.4,0.45,-0.17,-1.1,0.048,0.55,-0.1,-0.3,0.36,-0.22,-2.2
51,0.08,0.4,-0.09,-0.5,0.42,-0.18,-2.2,0.081,0.56,-0.08,-0.2,0.53,-0.22,-1
52,0.068,0.53,-0.06,-0.4,0.36,-0.21,-1.9,0.072,0.52,-0.01,-1.1,0.37,-0.15,-1.6
53,0.072,0.44,-0.01,-1.5,0.33,-0.19,-2.2,0.056,0.51,-0.05,-0,0.55,-0.17,-2
54,0.059,0.58,-0.05,-0.8,0.42,-0.24,-0.9,0.076,0.55,-0.11,-0.5,0.43,-0.21,-2.5
55,0.01,0.42,-0.1,-0.5,0.38,-0.17,-0.9,0.032,0.55,-0.11,-0.8,0.52,-0.23,-0.7
56,0.042,0.47,-0.01,-1.2,0.37,-0.17,-2.5,0.079,0.49,-0.09,-1.4,0.47,-0.19,-2.1
57,0.009,0.41,-0.05,-0,0.44,-0.21,-1.1,0.083,0.58,-0.02,-1.3,0.48,-0.15,-1.6
58,0.067,0.55,-0.06,-1.4,0.39,-0.15,-1.3,0.083,0.41,-0.11,-1.2,0.53,-0.13,-1.7
59,0.018,0.48,-0.09,-0.8,0.41,-0.24,-1.1,0.053,0.51,-0.09,-0.6,0.44,-0.17,-1.2
60,0.026,0.47,-0.08,-0.2,0.5,-0.19,-1.3,0.02,0.43,-0.11,-1.1,0.56,-0.2,-1.6
61,0.053,0.46,-0.07,-0,0.53,-0.2,-2,0.069,0.45,-0.06,-0.3,0.44,-0.16,-1.8
62,0.024,0.43,-0.11,-0.1,0.49,-0.17,-2.1,0.036,0.52,-0.08,-0.5,0.59,-0.17,-0.9
63,0.069,0.51,-0.09,-1.3,0.5,-0.18,-0.9,0.067,0.57,-0.05,-0.7,0.34,-0.17,-1.5
64,0.047,0.59,-0.11,-0.4,0.43,-0.24,-1,0.03,0.52,-0,-1.2,0.47,-0.19,-2
65,0.052,0.53,-0.08,-1,0.58,-0.22,-1.1,0.016,0.41,-0.06,-1.4,0.34,-0.18,-1.4
66,0.018,0.41,-0.07,-0.9,0.51,-0.23,-1.6,0.043,0.54,-0.07,-0.4,0.44,-0.21,-2.2
67,0.075,0.46,-0.02,-1.1,0.46,-0.21,-1.1,0.048,0.53,-0.02,-0,0.42,-0.17,-2.4
68,0.077,0.51,-0.12,-1.3,0.32,-0.19,-0.8,0.077,0.42,-0.01,-0.5,0.46,-0.24,-1.1
69,0.048,0.59,-0.12,-1.2,0.58,-0.2,-1.9,0.073,0.53,-0.03,-0.3,0.52,-0.24,-1.8
70,0.029,0.46,-0.07,-0.2,0.59,-0.15,-1.7,0.073,0.48,-0.01,-1.3,0.48,-0.16,-1.1
71,0.011,0.58,-0.01,-0.5,0.5,-0.19,-0.7,0.029,0.41,-0.03,-0.6,0.46,-0.15,-2.5
72,0.084,0.42,-0.03,-0.8,0.49,-0.24,-0.7,0.036,0.51,-0.07,-1.5,0.47,-0.16,-1.1
73,0.012,0.52,-0.11,-0.5,0.54,-0.23,-1.1,0.045,0.43,-0.02,-0,0.38,-0.19,-2.1
74,0.045,0.5,-0.03,-1.4,0.57,-0.17,-2.4,0.075,0.52,-0.12,-0.5,0.57,-0.16,-0.7
75,0.017,0.57,-0.08,-0.5,0.33,-0.23,-0.5,0.063,0.45,-0.03,-0.1,0.44,-0.17,-0.6
76,0.073,0.41,-0.03,-0.7,0.32,-0.19,-1.6,0.031,0.43,-0.1,-0.3,0.41,-0.24,-2.1
77,0.047,0.44,-0.06,-0.8,0.55,-0.22,-2.1,0.071,0.43,-0.02,-0.8,0.5,-0.16,-2
78,0.068,0.53,-0.07,-0.1,0.51,-0.17,-2.4,0.071,0.43,-0.08,-1.5,0.55,-0.18,-1.3
79,0.043,0.53,-0.08,-1.2,0.51,-0.21,-2.4,0.008,0.6,-0.09,-0.3,0.41,-0.2,-0.7
80,0.049,0.5,-0.04,-1,0.39,-0.24,-0.7,0.07,0.59,-0.08,-1.3,0.39,-0.21,-0.6
81,0.04,0.58,-0.02,-1.2,0.35,-0.08,-2.5,0.039,0.5,-0.03,-1.2,0.57,-0.08,-0.6
82,0.062,0.45,-0.05,-0.6,0.5,-0.23,-1.9,0.077,0.58,-0.1,-0.6,0.31,-0.19,-2.1
83,0.006,0.41,-0.03,-1.4,0.59,-0.09,-2,0.032,0.53,-0.1,-0.1,0.45,-0.19,-2.1
84,0.022,0.43,-0,-0.5,0.51,-0.15,-2.3,0.077,0.48,-0.01,-1.5,0.38,-0.24,-0.8
85,0.021,0.5,-0.01,-1.4,0.47,-0.21,-2.3,0.011,0.56,-0.1,-0.5,0.35,-0.14,-1.5
86,0.072,0.53,-0.06,-0.6,0.57,-0.15,-1.7,0.058,0.55,-0.07,-0.1,0.38,-0.23,-0.6
87,0.08,0.47,-0.05,-0,0.33,-0.21,-1.5,0.044,0.49,-0.11,-0.2,0.39,-0.24,-0.7
88,0.028,0.48,-0.01,-0.7,0.38,-0.19,-1.8,0.007,0.51,-0.06,-1.2,0.34,-0.1,-1
89,0.008,0.54,-0,-0.5,0.44,-0.08,-1.5,0.062,0.52,-0.04,-1.4,0.31,-0.21,-1.8
90,0.081,0.53,-0.06,-0.8,0.42,-0.17,-0.6,0.065,0.55,-0.09,-0,0.6,-0.2,-2.3
91,0.083,0.45,-0.06,-0.7,0.3,-0.24,-2.2,0.024,0.46,-0.04,-0.2,0.56,-0.19,-1.5
92,0.079,0.51,-0,-0.9,0.31,-0.07,-1.7,0.083,0.46,-0.01,-1.1,0.5,-0.24,-1.3
93,0.079,0.52,-0.07,-1,0.43,-0.2,-1.3,0.008,0.59,-0.04,-0.1,0.52,-0.22,-0.8
94,0.074,0.5,-0.04,-1.3,0.54,-0.18,-0.7,0.081,0.46,-0.06,-0.1,0.54,-0.2,-1.4
95,0.051,0.57,-0.02,-1.4,0.44,-0.09,-2.1,0.05,0.59,-0.06,-0.3,0.52,-0.08,-1.6
96,0.074,0.48,-0.04,-0.2,0.41,-0.15,-1.9,0.078,0.57,-0.01,-1,0.39,-0.12,-0.8
97,0.043,0.57,-0.08,-0.2,0.39,-0.14,-1.7,0.012,0.4,-0.08,-1.1,0.33,-0.19,-2.1
98,0.052,0.56,-0.02,-0.4,0.4,-0.13,-1,0.078,0.4,-0.12,-0.2,0.39,-0.08,-1.7
99,0.024,0.41,-0.03,-1.1,0.33,-0.17,-2.2,0.072,0.53,-0.01,-0.4,0.51,-0.22,-1.5
100,0.061,0.59,-0.01,-0.5,0.33,-0.15,-1,0.048,0.47,-0.07,-1.1,0.4,-0.17,-1.8
101,0.083,0.51,-0.02,-0.9,0.54,-0.15,-1.8,0.033,0.45,-0.02,-1.4,0.52,-0.09,-1.6
102,0.008,0.52,-0.06,-0.3,0.54,-0.14,-1.2,0.067,0.56,-0.1,-1.2,0.42,-0.12,-1.2
103,0.016,0.54,-0.07,-0.8,0.35,-0.18,-1.4,0.032,0.53,-0.07,-0.7,0.35,-0.21,-1.3
104,0.085,0.6,-0.05,-0.6,0.49,-0.16,-1.1,0.047,0.49,-0.06,-1.2,0.41,-0.12,-2.3
105,0.063,0.51,-0.08,-0.2,0.57,-0.2,-1.1,0.008,0.58,-0.03,-1.3,0.52,-0.24,-1.6
106,0.035,0.41,-0.11,-1.4,0.46,-0.22,-1.4,0.041,0.51,-0.04,-0.9,0.32,-0.21,-1.3
107,0.081,0.57,-0.01,-1.1,0.49,-0.13,-1.4,0.056,0.47,-0.07,-1.5,0.33,-0.14,-0.7
108,0.064,0.51,-0.1,-0.6,0.38,-0.22,-1.2,0.022,0.53,-0.1,-1.5,0.53,-0.24,-1.3
109,0.039,0.48,-0.11,-0.1,0.43,-0.21,-2.4,0.043,0.49,-0.07,-1.3,0.58,-0.17,-1.8
110,0.071,0.58,-0.01,-0.8,0.44,-0.21,-0.5,0.071,0.58,-0,-0.4,0.59,-0.11,-1.1
111,0.034,0.58,-0.06,-0.5,0.56,-0.21,-1.9,0.072,0.46,-0.08,-1.1,0.54,-0.23,-1.5
112,0.024,0.58,-0.05,-1.3,0.54,-0.19,-1.8,0.079,0.48,-0,-0.3,0.5,-0.2,-1.6
113,0.025,0.48,-0.11,-0.1,0.48,-0.21,-1,0.052,0.42,-0.1,-0.5,0.45,-0.23,-2
114,0.019,0.43,-0.06,-1.5,0.47,-0.18,-1.8,0.065,0.44,-0.04,-0.8,0.55,-0.15,-0.7
115,0.04,0.44,-0.05,-0.1,0.56,-0.24,-2,0.08,0.58,-0.05,-0.5,0.34,-0.15,-1
116,0.015,0.51,-0.11,-0.7,0.45,-0.22,-1.2,0.03,0.54,-0.12,-0.9,0.42,-0.19,-0.8
117,0.019,0.49,-0.08,-0.2,0.31,-0.16,-1.6,0.021,0.48,-0.08,-1,0.33,-0.16,-1.1
118,0.017,0.46,-0.01,-0.3,0.59,-0.11,-1.7,0.024,0.57,-0.02,-1,0.33,-0.17,-1.4
119,0.074,0.46,-0.01,-0.6,0.35,-0.07,-0.7,0.075,0.54,-0.06,-1.5,0.37,-0.1,-1.4
120,0.078,0.43,-0.05,-0.1,0.49,-0.14,-2.5,0.022,0.42,-0.06,-1.3,0.56,-0.17,-1.3
121,0.03,0.48,-0.03,-0.8,0.42,-0.16,-2.2,0.059,0.52,-0.02,-0.1,0.37,-0.17,-2
122,0.044,0.46,-0.07,-0.9,0.51,-0.18,-2.1,0.079,0.42,-0.03,-0.7,0.37,-0.22,-2.4
123,0.039,0.51,-0.08,-1.4,0.6,-0.16,-1.4,0.042,0.47,-0.08,-1.3,0.35,-0.19,-1.8
124,0.008,0.57,-0.11,-0.4,0.35,-0.17,-0.8,0.068,0.47,-0.09,-0.3,0.38,-0.19,-1.5
125,0.033,0.51,-0.01,-0.8,0.58,-0.16,-1.5,0.082,0.46,-0.02,-0.4,0.36,-0.11,-0.9
126,0.024,0.59,-0.03,-0.8,0.43,-0.22,-1.7,0.054,0.45,-0,-0.7,0.6,-0.11,-2.3
127,0.015,0.56,-0.02,-1.1,0.48,-0.23,-2.2,0.076,0.53,-0.08,-0.7,0.33,-0.16,-2.3
128,0.053,0.47,-0.02,-1.1,0.46,-0.23,-1.2,0.015,0.47,-0.06,-1.3,0.32,-0.11,-2.5
129,0.019,0.46,-0.02,-1.1,0.36,-0.1,-2.4,0.017,0.48,-0.04,-1,0.5,-0.19,-0.8
130,0.026,0.53,-0.07,-0.3,0.59,-0.14,-0.9,0.066,0.44,-0.02,-1,0.56,-0.16,-2.5
131,0.045,0.55,-0.01,-1.2,0.44,-0.12,-1.7,0.023,0.44,-0.01,-0.9,0.42,-0.09,-0.7
132,0.029,0.58,-0.05,-1,0.31,-0.17,-2.4,0.064,0.5,-0.07,-0.5,0.53,-0.17,-1.3
133,0.013,0.6,-0.1,-0.3,0.57,-0.2,-0.6,0.035,0.41,-0.04,-0.3,0.39,-0.23,-2.1
134,0.06,0.51,-0.02,-0.2,0.45,-0.21,-1.1,0.051,0.43,-0.04,-1,0.3,-0.13,-0.6
135,0.04,0.45,-0.09,-0.1,0.31,-0.17,-2.2,0.043,0.56,-0.04,-0.6,0.41,-0.23,-1.3
136,0.008,0.43,-0.12,-0.8,0.41,-0.23,-0.8,0.066,0.42,-0.04,-1.5,0.33,-0.22,-1.7
137,0.023,0.46,-0.07,-1.2,0.42,-0.21,-1.5,0.015,0.41,-0.01,-0.2,0.36,-0.17,-0.8
138,0.069,0.56,-0.1,-0.6,0.56,-0.22,-0.8,0.085,0.41,-0.01,-0.3,0.32,-0.17,-1.9
139,0.079,0.53,-0.01,-0.7,0.49,-0.13,-1.8,0.037,0.47,-0.05,-1.5,0.39,-0.23,-1.9
140,0.066,0.51,-0.12,-0.7,0.44,-0.21,-1.3,0.036,0.57,-0.02,-1,0.33,-0.19,-1.5
141,0.013,0.44,-0,-1.4,0.39,-0.09,-0.9,0.022,0.53,-0.1,-0.4,0.57,-0.13,-1.4
142,0.047,0.58,-0,-1.3,0.45,-0.15,-0.6,0.029,0.5,-0.1,-1.1,0.41,-0.14,-1.2
143,0.059,0.58,-0.1,-0.9,0.31,-0.22,-1.4,0.021,0.53,-0.1,-0.3,0.36,-0.19,-1.2
144,0.083,0.46,-0.05,-1.5,0.42,-0.22,-0.8,0.078,0.45,-0.09,-0.8,0.53,-0.2,-1.2
145,0.032,0.52,-0.07,-1.1,0.4,-0.24,-2,0.005,0.58,-0.03,-1.5,0.5,-0.17,-0.6
146,0.075,0.46,-0.03,-0.2,0.45,-0.12,-2.1,0.008,0.52,-0.08,-1.3,0.48,-0.23,-0.8
147,0.061,0.57,-0.1,-0.1,0.3,-0.17,-1.3,0.008,0.53,-0.09,-0,0.57,-0.18,-2.4
148,0.016,0.42,-0.11,-0.7,0.47,-0.23,-1.8,0.075,0.45,-0.1,-1,0.37,-0.24,-1.2
149,0.025,0.5,-0.1,-0.2,0.55,-0.17,-0.8,0.076,0.55,-0.02,-0.6,0.51,-0.22,-1.1
150,0.056,0.45,-0.06,-0.4,0.41,-0.12,-1.4,0.084,0.43,-0.06,-0.5,0.59,-0.23,-2.1
151,0.074,0.4,-0.1,-0.5,0.32,-0.21,-0.7,0.02,0.56,-0.09,-0,0.36,-0.18,-1.7
152,0.061,0.54,-0.11,-1.5,0.4,-0.18,-1.2,0.022,0.5,-0.11,-0.9,0.56,-0.21,-1.7
153,0.056,0.44,-0.07,-0.9,0.53,-0.16,-0.5,0.024,0.52,-0.02,-0.2,0.5,-0.2,-2.1
154,0.031,0.47,-0.08,-1.5,0.54,-0.2,-1,0.034,0.53,-0.04,-1,0.37,-0.15,-1.1
155,0.046,0.58,-0.02,-0.1,0.53,-0.11,-0.5,0.041,0.58,-0.07,-0.6,0.53,-0.18,-0.8
156,0.065,0.45,-0.09,-1.3,0.59,-0.2,-1.7,0.074,0.49,-0.02,-0.2,0.32,-0.2,-1.9
157,0.073,0.52,-0.05,-1.4,0.35,-0.21,-1.8,0.012,0.55,-0.07,-0.7,0.38,-0.15,-2.5
158,0.043,0.45,-0.03,-1.2,0.56,-0.16,-1.9,0.05,0.44,-0.05,-0.4,0.43,-0.16,-2.2
159,0.08,0.51,-0.02,-0.6,0.46,-0.09,-1,0.047,0.56,-0.01,-0.8,0.51,-0.17,-2
160,0.006,0.48,-0,-0.8,0.43,-0.2,-1.9,0.019,0.48,-0.09,-0.2,0.41,-0.19,-1.1
161,0.052,0.52,-0.05,-1.5,0.41,-0.13,-1.8,0.021,0.51,-0.07,-1,0.49,-0.14,-2.4
162,0.025,0.49,-0.05,-0.3,0.55,-0.13,-2.3,0.029,0.47,-0.05,-1,0.36,-0.11,-0.9
163,0.012,0.41,-0.02,-0.5,0.47,-0.22,-0.6,0.063,0.57,-0.1,-1.2,0.56,-0.21,-0.9
164,0.012,0.55,-0,-0.3,0.51,-0.14,-0.8,0.031,0.58,-0.01,-0.1,0.51,-0.23,-2.2
165,0.005,0.58,-0.06,-1.2,0.49,-0.13,-1.7,0.015,0.45,-0.08,-0.2,0.32,-0.23,-0.9
166,0.044,0.45,-0.12,-0.8,0.49,-0.23,-0.5,0.069,0.41,-0.03,-0.5,0.31,-0.23,-1.1
167,0.067,0.48,-0.09,-0.1,0.5,-0.24,-0.8,0.047,0.57,-0.12,-1,0.38,-0.17,-1.9
168,0.062,0.55,-0.1,-0.5,0.35,-0.18,-0.7,0.066,0.58,-0,-0.8,0.39,-0.23,-2.1
169,0.066,0.59,-0.06,-0.9,0.37,-0.16,-2.5,0.016,0.5,-0.11,-0.6,0.4,-0.15,-0.7
170,0.028,0.49,-0.12,-1.2,0.4,-0.22,-0.8,0.033,0.59,-0.06,-1.3,0.4,-0.23,-0.7
171,0.079,0.53,-0.06,-0.4,0.56,-0.23,-0.8,0.014,0.42,-0.07,-0.7,0.59,-0.16,-1.1
172,0.053,0.44,-0.11,-1.4,0.43,-0.2,-2.4,0.018,0.42,-0.08,-1.3,0.54,-0.21,-1.3
173,0.054,0.5,-0.09,-1.4,0.6,-0.23,-0.6,0.018,0.56,-0.1,-0.2,0.4,-0.2,-0.8
174,0.074,0.56,-0.05,-0.9,0.55,-0.13,-0.9,0.009,0.45,-0.01,-1.1,0.59,-0.23,-1.7
175,0.044,0.47,-0.03,-1,0.57,-0.22,-1.6,0.07,0.54,-0.02,-0.8,0.41,-0.21,-0.5
176,0.049,0.48,-0.08,-1.1,0.45,-0.23,-1.5,0.042,0.42,-0.04,-0.3,0.54,-0.24,-2.1
177,0.01,0.48,-0.04,-1.2,0.46,-0.21,-0.6,0.073,0.45,-0.08,-0.4,0.52,-0.18,-2.2
178,0.064,0.51,-0.09,-1.2,0.55,-0.17,-0.6,0.035,0.58,-0.01,-1.1,0.34,-0.23,-1.3
179,0.015,0.56,-0.08,-0.9,0.36,-0.17,-2.1,0.05,0.57,-0.05,-1.3,0.59,-0.15,-2.2
180,0.047,0.58,-0.09,-0.9,0.34,-0.2,-1.2,0.069,0.57,-0.11,-1.3,0.47,-0.21,-0.6
181,0.065,0.42,-0.09,-0.9,0.31,-0.17,-1,0.071,0.58,-0.02,-0.3,0.34,-0.16,-1
182,0.071,0.49,-0.05,-0.3,0.43,-0.13,-1.1,0.072,0.48,-0.03,-1.3,0.35,-0.13,-0.9
183,0.007,0.56,-0.03,-1,0.43,-0.14,-1.7,0.045,0.51,-0.09,-0.9,0.46,-0.2,-2.2
184,0.026,0.43,-0.03,-0.8,0.44,-0.2,-1.6,0.024,0.44,-0.04,-0.6,0.35,-0.17,-1.1
185,0.066,0.5,-0.1,-0.2,0.3,-0.24,-1.7,0.023,0.46,-0.02,-0.2,0.37,-0.18,-0.7
186,0.069,0.51,-0.09,-1.4,0.31,-0.21,-2.3,0.008,0.49,-0.1,-1.3,0.52,-0.23,-2.4
187,0.018,0.46,-0.09,-0.8,0.37,-0.15,-1.8,0.025,0.51,-0.02,-0.4,0.49,-0.15,-1.3
188,0.085,0.51,-0.08,-0.7,0.52,-0.2,-1,0.081,0.4,-0.06,-1.4,0.44,-0.16,-1.7
189,0.085,0.59,-0.04,-0.4,0.49,-0.23,-2.2,0.084,0.48,-0,-1.4,0.41,-0.11,-2.4
190,0.039,0.5,-0.04,-1.2,0.38,-0.12,-2.3,0.033,0.58,-0.08,-1.3,0.34,-0.18,-2.4
191,0.076,0.41,-0.04,-0.4,0.32,-0.1,-1.8,0.042,0.5,-0.05,-0.8,0.46,-0.2,-2
192,0.06,0.57,-0.03,-1.2,0.31,-0.18,-1.8,0.04,0.52,-0.04,-0,0.45,-0.13,-1.2
193,0.03,0.5,-0.08,-0.1,0.33,-0.17,-2.2,0.018,0.43,-0.11,-0.8,0.43,-0.24,-1.7
194,0.016,0.49,-0.1,-1.2,0.39,-0.21,-2.4,0.063,0.44,-0.06,-0.1,0.3,-0.22,-0.6
195,0.022,0.46,-0.09,-0.6,0.32,-0.18,-1.6,0.032,0.52,-0.03,-0.6,0.53,-0.2,-1.3
196,0.028,0.45,-0.1,-0.8,0.41,-0.19,-1.4,0.053,0.59,-0.02,-0.7,0.5,-0.17,-0.7
197,0.025,0.46,-0.05,-0.3,0.44,-0.11,-1.6,0.015,0.43,-0.03,-0.6,0.43,-0.22,-1.8
198,0.025,0.44,-0,-0.4,0.41,-0.09,-1.4,0.013,0.45,-0.05,-1.2,0.59,-0.08,-0.5
199,0.031,0.53,-0.09,-1.2,0.38,-0.22,-1.1,0.042,0.5,-0.02,-0.3,0.39,-0.19,-1.4
200,0.057,0.52,-0.05,-0.3,0.39,-0.18,-0.6,0.078,0.48,-0.07,-0.9,0.31,-0.24,-1.6
201,0.037,0.47,-0.09,-1.5,0.55,-0.16,-1.5,0.013,0.55,-0.05,-1.4,0.51,-0.2,-1.1
202,0.052,0.54,-0.07,-0.1,0.44,-0.21,-1.9,0.059,0.49,-0.11,-0.7,0.59,-0.14,-0.5
203,0.046,0.48,-0.01,-1.5,0.57,-0.22,-2,0.07,0.46,-0.02,-0.4,0.47,-0.07,-0.5
204,0.061,0.47,-0.02,-1.5,0.45,-0.16,-1.2,0.058,0.48,-0.01,-0.8,0.49,-0.14,-1.8
205,0.023,0.41,-0.06,-0.4,0.58,-0.21,-1.8,0.072,0.47,-0.03,-0,0.6,-0.14,-2.2
206,0.064,0.47,-0.02,-1,0.38,-0.14,-1.5,0.084,0.45,-0.09,-1.1,0.47,-0.23,-1
207,0.053,0.57,-0.08,-0.9,0.32,-0.18,-1.2,0.024,0.55,-0.01,-0.7,0.57,-0.16,-0.7
208,0.023,0.57,-0.03,-0.9,0.31,-0.19,-2.2,0.01,0.55,-0.03,-0,0.52,-0.11,-1.7
209,0.078,0.41,-0.03,-0.6,0.48,-0.11,-2,0.06,0.5,-0.09,-0.1,0.59,-0.15,-0.6
210,0.009,0.43,-0.08,-0.2,0.42,-0.22,-2.3,0.009,0.45,-0,-0.3,0.57,-0.18,-1.4
211,0.076,0.53,-0.05,-1,0.55,-0.2,-0.8,0.055,0.57,-0,-0.1,0.38,-0.16,-1.4
212,0.048,0.59,-0.07,-1,0.42,-0.13,-1.6,0.031,0.46,-0.07,-1.1,0.51,-0.14,-1.7
213,0.072,0.43,-0.03,-0.2,0.39,-0.21,-2.1,0.065,0.56,-0.05,-1.5,0.35,-0.15,-1.6
214,0.052,0.46,-0.1,-1.4,0.49,-0.2,-1.8,0.044,0.44,-0.03,-0.9,0.37,-0.21,-1.3
215,0.034,0.45,-0.04,-1.1,0.6,-0.13,-0.6,0.045,0.53,-0.09,-1.1,0.51,-0.18,-2.5
216,0.043,0.4,-0.09,-1.4,0.34,-0.21,-2.2,0.054,0.4,-0.06,-0.3,0.36,-0.21,-1
217,0.084,0.53,-0.03,-0.5,0.48,-0.14,-0.6,0.065,0.43,-0.02,-1.4,0.57,-0.19,-1.7
218,0.076,0.41,-0.08,-1.2,0.42,-0.18,-1.4,0.026,0.52,-0.05,-0.7,0.36,-0.16,-0.9
219,0.04,0.6,-0,-1.3,0.57,-0.16,-1.3,0.005,0.53,-0.04,-0.6,0.51,-0.2,-1.6
220,0.068,0.54,-0,-0.6,0.36,-0.08,-1.9,0.013,0.42,-0.12,-1.1,0.54,-0.1,-0.7
221,0.031,0.54,-0.07,-1.1,0.34,-0.16,-1.4,0.026,0.54,-0.07,-0.6,0.46,-0.21,-1.5
222,0.077,0.46,-0.02,-1.2,0.39,-0.15,-2.3,0.052,0.43,-0.09,-0.2,0.45,-0.13,-1.5
223,0.046,0.46,-0.05,-1.1,0.56,-0.23,-1.5,0.058,0.41,-0.04,-0.9,0.46,-0.22,-0.7
224,0.053,0.45,-0.12,-1.4,0.46,-0.19,-2.2,0.01,0.6,-0.03,-1.2,0.3,-0.24,-0.9
225,0.05,0.52,-0.05,-0.9,0.34,-0.17,-1.1,0.012,0.43,-0.09,-0.5,0.39,-0.2,-1.7
226,0.052,0.44,-0.07,-0.3,0.44,-0.23,-2.5,0.04,0.46,-0.03,-0.7,0.42,-0.2,-1.7
227,0.056,0.48,-0.03,-0.6,0.47,-0.17,-1.2,0.006,0.6,-0.09,-0.2,0.56,-0.18,-1.2
228,0.078,0.4,-0.07,-0.9,0.33,-0.17,-1.7,0.048,0.53,-0.1,-1.1,0.47,-0.18,-0.6
229,0.063,0.5,-0.02,-0.2,0.34,-0.19,-1.7,0.03,0.6,-0.12,-1.2,0.57,-0.19,-1.9
230,0.007,0.45,-0.11,-1.1,0.52,-0.19,-0.8,0.085,0.54,-0.1,-0.1,0.31,-0.18,-1.8
231,0.006,0.54,-0.05,-1.5,0.45,-0.12,-0.6,0.018,0.48,-0.11,-0.4,0.3,-0.23,-1.1
232,0.037,0.49,-0.07,-0.9,0.43,-0.14,-1,0.054,0.45,-0.06,-0.8,0.52,-0.14,-1.8
233,0.034,0.47,-0.09,-0.6,0.37,-0.19,-1.1,0.032,0.47,-0.03,-0.7,0.43,-0.16,-1
234,0.044,0.57,-0.11,-1.3,0.42,-0.2,-1.8,0.011,0.5,-0.05,-0.2,0.47,-0.23,-1.2
235,0.053,0.41,-0.02,-0.9,0.59,-0.22,-0.6,0.044,0.45,-0.11,-0.8,0.4,-0.21,-1.9
236,0.021,0.43,-0.11,-1.1,0.3,-0.17,-1.3,0.066,0.47,-0.05,-0,0.58,-0.21,-0.8
237,0.031,0.52,-0,-0.7,0.41,-0.18,-1.2,0.069,0.48,-0.11,-1.1,0.37,-0.11,-0.7
238,0.018,0.52,-0.09,-0.4,0.54,-0.16,-2.3,0.081,0.54,-0.05,-1.4,0.55,-0.23,-1.5
239,0.056,0.46,-0.1,-1.2,0.33,-0.21,-1.6,0.064,0.54,-0.05,-0.9,0.43,-0.18,-1.9
240,0.02,0.49,-0.1,-0.8,0.36,-0.24,-0.8,0.027,0.47,-0.03,-0.4,0.38,-0.22,-1.3
241,0.018,0.56,-0.03,-0.9,0.41,-0.15,-1,0.056,0.51,-0.07,-0.9,0.49,-0.19,-1.8
242,0.063,0.42,-0.1,-0.2,0.43,-0.23,-0.9,0.052,0.54,-0.04,-0.8,0.49,-0.24,-1.4
243,0.01,0.48,-0.02,-0.6,0.48,-0.13,-1.9,0.073,0.5,-0.07,-1.4,0.34,-0.24,-2.5
244,0.042,0.41,-0.11,-0.4,0.49,-0.22,-2.1,0.08,0.6,-0.08,-0.3,0.59,-0.21,-2.1
245,0.027,0.45,-0.02,-1.1,0.6,-0.1,-2.2,0.049,0.54,-0.12,-0.8,0.43,-0.14,-1.6
246,0.056,0.54,-0.08,-1.3,0.51,-0.22,-1.3,0.052,0.47,-0.08,-1.1,0.51,-0.22,-1.7
247,0.07,0.42,-0.01,-1.1,0.55,-0.11,-1.7,0.056,0.56,-0.06,-0.1,0.47,-0.12,-1.5
248,0.079,0.52,-0.06,-1.3,0.36,-0.23,-0.6,0.062,0.5,-0.06,-0.4,0.54,-0.13,-2
249,0.054,0.6,-0.06,-1.5,0.58,-0.13,-1.3,0.005,0.54,-0.03,-1.1,0.51,-0.21,-2.1
250,0.068,0.45,-0.06,-1.4,0.45,-0.12,-0.7,0.077,0.57,-0.11,-0.5,0.48,-0.16,-1.7
251,0.008,0.6,-0.1,-1.2,0.56,-0.18,-1.9,0.081,0.53,-0.03,-0.4,0.48,-0.18,-1
252,0.024,0.46,-0.1,-0.3,0.48,-0.17,-0.8,0.08,0.47,-0.09,-0,0.58,-0.23,-0.5
253,0.05,0.57,-0.06,-0.2,0.52,-0.12,-1.9,0.038,0.45,-0.07,-0.3,0.43,-0.14,-1
254,0.038,0.49,-0.04,-0,0.44,-0.2,-0.9,0.065,0.42,-0.1,-0.6,0.39,-0.19,-2.2
255,0.073,0.55,-0.04,-0.8,0.5,-0.13,-1.8,0.061,0.53,-0.06,-0.2,0.48,-0.17,-2.3
256,0.055,0.45,-0.07,-0.4,0.44,-0.23,-2.1,0.012,0.54,-0.03,-1.1,0.38,-0.14,-0.6
257,0.018,0.52,-0.1,-0.1,0.35,-0.21,-1.2,0.016,0.59,-0.06,-0.9,0.49,-0.23,-1.3
258,0.054,0.45,-0.09,-0.8,0.56,-0.19,-1,0.034,0.45,-0.01,-0.4,0.52,-0.16,-0.8
259,0.014,0.45,-0.04,-0.9,0.37,-0.16,-0.5,0.04,0.49,-0.03,-1.2,0.48,-0.13,-1.2
260,0.062,0.59,-0.07,-0.3,0.32,-0.17,-0.9,0.07,0.42,-0.08,-1,0.39,-0.24,-2.3
261,0.062,0.53,-0.11,-1.1,0.32,-0.22,-1.1,0.01,0.41,-0.01,-1.2,0.33,-0.19,-1.3
262,0.012,0.45,-0.05,-0.4,0.59,-0.11,-1.9,0.083,0.45,-0.09,-0.9,0.32,-0.18,-0.8
263,0.023,0.44,-0.08,-0.7,0.49,-0.21,-1.7,0.021,0.58,-0.1,-1.4,0.33,-0.22,-2.3
264,0.085,0.43,-0.07,-1.4,0.35,-0.19,-2.2,0.015,0.42,-0.03,-1.3,0.46,-0.14,-2.1
265,0.017,0.54,-0.03,-1,0.54,-0.21,-1.9,0.084,0.49,-0.08,-1.4,0.42,-0.18,-0.7
266,0.076,0.51,-0.1,-1.1,0.4,-0.18,-1.6,0.019,0.51,-0.04,-0.5,0.44,-0.17,-1.2
267,0.039,0.51,-0.09,-0.6,0.59,-0.18,-1.1,0.027,0.57,-0.12,-1,0.57,-0.17,-1.9
268,0.037,0.59,-0.03,-1.3,0.38,-0.1,-0.9,0.067,0.56,-0.11,-0,0.44,-0.13,-2.1
269,0.054,0.42,-0.07,-0.9,0.55,-0.18,-1.9,0.032,0.49,-0.07,-0.9,0.5,-0.15,-1.4
270,0.059,0.5,-0.03,-0.3,0.58,-0.15,-2.4,0.046,0.57,-0,-0.4,0.55,-0.14,-2.4
271,0.036,0.5,-0.08,-0.6,0.54,-0.23,-1.8,0.044,0.55,-0.07,-1.1,0.44,-0.19,-2.3
272,0.075,0.57,-0.02,-0.5,0.33,-0.24,-1.5,0.071,0.56,-0.06,-0.5,0.38,-0.09,-2
273,0.079,0.44,-0.04,-0.6,0.4,-0.19,-0.5,0.035,0.43,-0.04,-0.4,0.32,-0.21,-1.3
274,0.042,0.5,-0.06,-0.1,0.38,-0.2,-0.6,0.019,0.54,-0.02,-0.2,0.6,-0.17,-2.4
275,0.045,0.56,-0.02,-0.5,0.46,-0.18,-1,0.017,0.52,-0.11,-0.9,0.44,-0.24,-0.6
276,0.061,0.4,-0.07,-1,0.6,-0.17,-0.9,0.009,0.52,-0.12,-1.1,0.33,-0.17,-1.7
277,0.039,0.47,-0.05,-0.1,0.57,-0.16,-1.5,0.051,0.47,-0.06,-1.2,0.44,-0.22,-0.9
278,0.015,0.54,-0,-0.7,0.55,-0.15,-0.7,0.054,0.54,-0.01,-0.2,0.34,-0.12,-0.6
279,0.053,0.55,-0.04,-0.8,0.39,-0.23,-1.1,0.036,0.48,-0.03,-0.4,0.5,-0.14,-1.3
280,0.013,0.52,-0.04,-0.2,0.4,-0.1,-1.8,0.027,0.42,-0.02,-1,0.48,-0.13,-2.3
281,0.042,0.54,-0.11,-0.9,0.52,-0.17,-0.8,0.046,0.48,-0.11,-0.4,0.33,-0.17,-2.2
282,0.064,0.59,-0.08,-0.5,0.47,-0.23,-2.3,0.068,0.58,-0.05,-1.3,0.32,-0.2,-2.2
283,0.082,0.5,-0.04,-0.8,0.44,-0.18,-2,0.052,0.54,-0.05,-0.9,0.35,-0.12,-0.8
284,0.067,0.45,-0.02,-1.2,0.31,-0.12,-1.4,0.009,0.42,-0.01,-0.3,0.35,-0.21,-0.7
285,0.058,0.45,-0.11,-1.3,0.36,-0.18,-1.7,0.043,0.55,-0.07,-1.4,0.31,-0.19,-1.8
286,0.082,0.43,-0.12,-0.2,0.42,-0.22,-1.7,0.04,0.46,-0.08,-0.6,0.55,-0.24,-2.2
287,0.04,0.59,-0.06,-0.6,0.54,-0.22,-1.7,0.033,0.46,-0.11,-1,0.37,-0.2,-1.7
288,0.029,0.59,-0.12,-0.8,0.35,-0.21,-0.8,0.079,0.55,-0.08,-1,0.58,-0.2,-1.6
289,0.056,0.43,-0.06,-0.3,0.43,-0.23,-1.9,0.069,0.4,-0.02,-0.7,0.39,-0.18,-0.8
290,0.006,0.4,-0.03,-0.1,0.42,-0.21,-2.1,0.072,0.45,-0.1,-0.8,0.44,-0.23,-0.6
291,0.039,0.47,-0.04,-0.4,0.5,-0.2,-2.1,0.042,0.5,-0.11,-1.2,0.54,-0.11,-2
292,0.042,0.57,-0.08,-0.8,0.5,-0.24,-2,0.066,0.58,-0.07,-0.4,0.34,-0.14,-2
293,0.058,0.42,-0.03,-0.2,0.52,-0.1,-2.1,0.063,0.55,-0.12,-0.4,0.3,-0.16,-1.5
294,0.07,0.55,-0.08,-0.6,0.55,-0.16,-0.5,0.064,0.54,-0.08,-0.8,0.49,-0.16,-2.1
295,0.062,0.43,-0.04,-1,0.33,-0.21,-2.5,0.013,0.54,-0.09,-0.6,0.31,-0.2,-1.7
296,0.052,0.53,-0.09,-0.8,0.56,-0.18,-0.7,0.039,0.49,-0.07,-0.5,0.35,-0.24,-0.9
297,0.049,0.58,-0.07,-1.3,0.51,-0.22,-2.2,0.035,0.43,-0.04,-0.5,0.51,-0.13,-1
298,0.018,0.52,-0.06,-0.8,0.57,-0.24,-1.5,0.075,0.6,-0.06,-1.5,0.37,-0.21,-1
299,0.028,0.44,-0.06,-1.2,0.48,-0.15,-0.6,0.077,0.59,-0.07,-0.5,0.55,-0.23,-0.7
300,0.061,0.49,-0,-1.2,0.6,-0.19,-1.4,0.027,0.56,-0.08,-0.1,0.35,-0.12,-0.9
301,0.021,0.42,-0.1,-1.4,0.36,-0.22,-1.5,0.07,0.52,-0.07,-1,0.36,-0.16,-0.8
302,0.063,0.55,-0.03,-0,0.43,-0.22,-0.5,0.037,0.46,-0.1,-0.5,0.38,-0.18,-2.2
303,0.037,0.44,-0.08,-0.7,0.47,-0.24,-2.1,0.014,0.4,-0.11,-0.1,0.41,-0.23,-2.3
304,0.056,0.49,-0.1,-0.2,0.41,-0.18,-2.5,0.034,0.43,-0.09,-0,0.56,-0.17,-0.7
305,0.042,0.45,-0.08,-0.5,0.45,-0.14,-1.3,0.04,0.59,-0.1,-0.6,0.51,-0.17,-1.4
306,0.063,0.56,-0.07,-0.4,0.31,-0.2,-1.2,0.058,0.45,-0.02,-0.2,0.32,-0.16,-2.1
307,0.008,0.43,-0.05,-1.3,0.56,-0.22,-0.5,0.027,0.6,-0.08,-0,0.49,-0.19,-2.4
308,0.06,0.53,-0.06,-1.2,0.53,-0.16,-1.7,0.044,0.57,-0.04,-1.2,0.53,-0.16,-2.2
309,0.081,0.49,-0.06,-0.9,0.36,-0.22,-1.8,0.038,0.41,-0.07,-0.2,0.35,-0.19,-1
310,0.014,0.56,-0.08,-0.1,0.38,-0.15,-0.7,0.049,0.44,-0.04,-0.7,0.47,-0.16,-1.9
311,0.038,0.44,-0.11,-0.8,0.36,-0.22,-1.3,0.033,0.53,-0.1,-0.8,0.46,-0.19,-2.4
312,0.045,0.59,-0.05,-1.3,0.47,-0.16,-2.4,0.019,0.51,-0.06,-0.8,0.31,-0.19,-1
313,0.055,0.6,-0.1,-1.5,0.46,-0.17,-1.9,0.026,0.47,-0.03,-0.3,0.47,-0.2,-1
314,0.05,0.55,-0.03,-1,0.52,-0.15,-1.7,0.049,0.49,-0.1,-0.3,0.33,-0.2,-1.1
315,0.013,0.57,-0.01,-1.1,0.34,-0.15,-1.7,0.052,0.56,-0.01,-1.2,0.57,-0.19,-1.8
316,0.027,0.59,-0.07,-1.1,0.55,-0.23,-2.2,0.062,0.44,-0.05,-1.4,0.51,-0.2,-1.2
317,0.059,0.59,-0.09,-0.9,0.55,-0.21,-1.8,0.059,0.59,-0.05,-0.6,0.46,-0.16,-1.7
318,0.027,0.59,-0.1,-1,0.32,-0.18,-0.6,0.02,0.45,-0.09,-0.1,0.35,-0.17,-1.2
319,0.029,0.42,-0.02,-0.6,0.58,-0.13,-0.7,0.06,0.58,-0.06,-0.3,0.46,-0.23,-1.8
320,0.05,0.57,-0.11,-1.4,0.33,-0.21,-1.9,0.081,0.47,-0.1,-0.8,0.49,-0.21,-0.7
321,0.015,0.48,-0.04,-0.3,0.38,-0.11,-2.1,0.014,0.46,-0.09,-0.5,0.32,-0.15,-1.4
322,0.04,0.43,-0.01,-0.5,0.33,-0.22,-1.9,0.056,0.46,-0.04,-0.7,0.55,-0.23,-1.4
323,0.02,0.48,-0.09,-1,0.4,-0.23,-0.5,0.012,0.57,-0.03,-0.1,0.55,-0.19,-1.1
324,0.04,0.58,-0.11,-0.2,0.4,-0.18,-0.7,0.06,0.58,-0.09,-0.3,0.4,-0.21,-1.7
325,0.073,0.52,-0.11,-1.1,0.5,-0.23,-2.4,0.057,0.48,-0.06,-1.4,0.31,-0.2,-1.9
326,0.026,0.58,-0,-1.2,0.36,-0.07,-2,0.08,0.48,-0.1,-0.9,0.48,-0.22,-0.5
327,0.035,0.41,-0.06,-1.3,0.46,-0.16,-0.9,0.065,0.41,-0.08,-1.3,0.53,-0.16,-1.8
328,0.036,0.42,-0.08,-1.4,0.47,-0.22,-1.9,0.008,0.59,-0.08,-0.5,0.43,-0.17,-1.7
329,0.082,0.54,-0.04,-1,0.4,-0.2,-1.5,0.041,0.47,-0.11,-0.8,0.41,-0.23,-1.3
330,0.033,0.52,-0.06,-0.7,0.32,-0.16,-2.1,0.052,0.56,-0.01,-0.6,0.57,-0.15,-1.6
331,0.016,0.47,-0.04,-0.4,0.34,-0.14,-2.2,0.037,0.51,-0,-0.9,0.6,-0.11,-2.3
332,0.081,0.49,-0.09,-0.9,0.58,-0.17,-2.1,0.069,0.48,-0.04,-1.1,0.58,-0.21,-1.8
333,0.08,0.47,-0.02,-1.3,0.36,-0.19,-0.5,0.025,0.6,-0.08,-0.4,0.53,-0.21,-1.8
334,0.041,0.48,-0.05,-0.8,0.43,-0.21,-0.9,0.027,0.46,-0.01,-1.2,0.49,-0.17,-2.3
335,0.084,0.42,-0.1,-0.6,0.32,-0.18,-1.4,0.034,0.53,-0.01,-0.1,0.3,-0.18,-1.2
336,0.019,0.41,-0.06,-0.7,0.52,-0.13,-2.5,0.07,0.58,-0.06,-1.1,0.39,-0.14,-1
337,0.045,0.55,-0.1,-1.5,0.51,-0.19,-2.2,0.036,0.56,-0.09,-1.2,0.41,-0.16,-1.1
338,0.022,0.56,-0.04,-0.6,0.56,-0.15,-2,0.031,0.43,-0.03,-0.2,0.36,-0.24,-0.7
339,0.027,0.49,-0.07,-1.4,0.46,-0.16,-2,0.046,0.46,-0.07,-0.8,0.38,-0.24,-1.6
340,0.006,0.41,-0.02,-1,0.49,-0.19,-2.4,0.034,0.52,-0.03,-0.9,0.54,-0.16,-1.8
341,0.053,0.57,-0.05,-1,0.57,-0.21,-2.3,0.05,0.52,-0.09,-0.4,0.4,-0.14,-1.9
342,0.071,0.6,-0.04,-1.3,0.5,-0.13,-1.1,0.077,0.48,-0.11,-0.5,0.56,-0.19,-2.4
343,0.016,0.49,-0.08,-0.7,0.31,-0.15,-1.3,0.025,0.43,-0,-0.2,0.34,-0.15,-0.9
344,0.018,0.56,-0,-0.6,0.43,-0.1,-1.9,0.044,0.46,-0.12,-1.2,0.45,-0.1,-1
345,0.021,0.44,-0.11,-0.2,0.55,-0.19,-2,0.044,0.41,-0.1,-0.4,0.6,-0.18,-2.4
346,0.06,0.51,-0.05,-1.3,0.4,-0.13,-1.8,0.06,0.53,-0.05,-0.9,0.37,-0.23,-2.1
347,0.067,0.53,-0.12,-0.8,0.39,-0.23,-0.8,0.056,0.51,-0,-1.2,0.57,-0.18,-1.6
348,0.068,0.44,-0.01,-1.3,0.48,-0.12,-2.1,0.039,0.49,-0.01,-0.8,0.32,-0.23,-1.1
349,0.013,0.51,-0.07,-1.4,0.31,-0.17,-2,0.013,0.53,-0.09,-0.4,0.35,-0.17,-2.5
350,0.051,0.58,-0.07,-1,0.52,-0.16,-2,0.048,0.46,-0.03,-1,0.42,-0.16,-2
351,0.045,0.43,-0.07,-0.3,0.58,-0.15,-1.7,0.038,0.43,-0.08,-0.3,0.31,-0.17,-1.8
352,0.065,0.4,-0.1,-0.5,0.38,-0.16,-0.9,0.041,0.58,-0.01,-1.4,0.3,-0.19,-1.3
353,0.031,0.54,-0.01,-0.6,0.34,-0.18,-1.6,0.007,0.47,-0.03,-1.3,0.52,-0.19,-1.4
354,0.026,0.41,-0.1,-1.5,0.57,-0.17,-2,0.049,0.56,-0.07,-0.6,0.47,-0.16,-0.5
355,0.007,0.54,-0,-0.8,0.53,-0.16,-0.9,0.034,0.58,-0.07,-1.2,0.43,-0.22,-0.8
356,0.032,0.51,-0.12,-1,0.54,-0.23,-1.8,0.015,0.42,-0.02,-0.7,0.47,-0.19,-2.2
357,0.026,0.43,-0.01,-0.6,0.34,-0.13,-1.6,0.01,0.5,-0.08,-0.6,0.38,-0.23,-1.5
358,0.073,0.52,-0.01,-0.9,0.59,-0.08,-2.1,0.028,0.55,-0.02,-1.1,0.58,-0.17,-2.1
359,0.075,0.56,-0.05,-0.7,0.58,-0.18,-1.8,0.08,0.55,-0.07,-1,0.52,-0.13,-1.6
360,0.063,0.41,-0.06,-0.6,0.56,-0.15,-1.5,0.009,0.53,-0.08,-1.1,0.42,-0.16,-2.1
361,0.077,0.57,-0.07,-0.6,0.4,-0.21,-1.3,0.051,0.49,-0.1,-0.7,0.34,-0.2,-1.2
362,0.043,0.56,-0.12,-0.9,0.33,-0.22,-1.9,0.017,0.6,-0.07,-1.3,0.35,-0.23,-0.8
363,0.035,0.5,-0.04,-0.8,0.53,-0.18,-0.9,0.014,0.44,-0.04,-0.3,0.43,-0.17,-2
364,0.082,0.46,-0.01,-0.1,0.44,-0.1,-1.3,0.007,0.5,-0.02,-1,0.34,-0.08,-1.4
365,0.027,0.42,-0.08,-0.3,0.4,-0.19,-1.2,0.01,0.57,-0.1,-0.8,0.38,-0.16,-1.7
366,0.019,0.42,-0.03,-0.1,0.35,-0.16,-0.7,0.014,0.47,-0.05,-0.5,0.46,-0.21,-1.5
367,0.037,0.49,-0.03,-0.3,0.35,-0.21,-1,0.023,0.52,-0.03,-1.2,0.43,-0.21,-0.9
368,0.042,0.53,-0.07,-0.9,0.45,-0.22,-2.3,0.08,0.41,-0.09,-0.6,0.33,-0.16,-1.5
369,0.048,0.57,-0,-0.5,0.53,-0.1,-1.2,0.077,0.58,-0.09,-0.8,0.39,-0.2,-0.9
370,0.082,0.43,-0.08,-0,0.39,-0.21,-0.5,0.006,0.57,-0.08,-1.4,0.33,-0.24,-1.1
371,0.011,0.48,-0.02,-1,0.35,-0.14,-2.3,0.068,0.49,-0.11,-1.2,0.56,-0.13,-0.8
372,0.045,0.41,-0.11,-1.1,0.57,-0.18,-2.2,0.059,0.56,-0.04,-0.3,0.39,-0.18,-2.4
373,0.011,0.56,-0.09,-0.4,0.52,-0.16,-1,0.085,0.46,-0.1,-0.9,0.49,-0.16,-1.9
374,0.048,0.49,-0.02,-0.7,0.47,-0.21,-0.8,0.011,0.46,-0.03,-0.9,0.55,-0.18,-1
375,0.065,0.43,-0.01,-1.5,0.53,-0.09,-2.1,0.006,0.59,-0,-0.5,0.49,-0.21,-0.6
376,0.045,0.5,-0.05,-1.3,0.46,-0.2,-1,0.066,0.58,-0.01,-1,0.48,-0.22,-0.6
377,0.038,0.6,-0.09,-0.8,0.52,-0.2,-1.1,0.027,0.41,-0.09,-0.7,0.5,-0.23,-1.2
378,0.054,0.53,-0.12,-0,0.5,-0.2,-2,0.079,0.52,-0.08,-1.3,0.49,-0.23,-2.5
379,0.078,0.46,-0.11,-1.3,0.59,-0.23,-0.6,0.06,0.42,-0.05,-0.1,0.34,-0.23,-2.3
380,0.076,0.51,-0.07,-0.1,0.52,-0.15,-0.6,0.028,0.49,-0.09,-0.9,0.37,-0.2,-1.4
381,0.055,0.56,-0.09,-0.5,0.48,-0.17,-1.8,0.036,0.57,-0.02,-1.1,0.39,-0.21,-1.4
382,0.005,0.45,-0.07,-1.4,0.59,-0.18,-2.2,0.047,0.41,-0.11,-0.3,0.48,-0.2,-0.6
383,0.064,0.41,-0.07,-0.8,0.43,-0.21,-2.1,0.047,0.41,-0.12,-0.5,0.38,-0.2,-0.6
384,0.054,0.46,-0.02,-0.1,0.48,-0.17,-2.3,0.06,0.44,-0.08,-0.2,0.55,-0.18,-1.2
385,0.013,0.54,-0.02,-0.4,0.34,-0.12,-1.3,0.007,0.59,-0.09,-0.2,0.58,-0.13,-0.7
386,0.032,0.45,-0.04,-1.2,0.5,-0.19,-0.6,0.007,0.49,-0.07,-0.4,0.36,-0.2,-2
387,0.055,0.52,-0.08,-0.2,0.39,-0.22,-2.3,0.018,0.52,-0.04,-0.1,0.55,-0.19,-1.3
388,0.072,0.58,-0.08,-0.2,0.37,-0.21,-1.9,0.025,0.54,-0.04,-0.2,0.38,-0.18,-2.1
389,0.082,0.44,-0.11,-1.3,0.42,-0.22,-2.3,0.032,0.59,-0.06,-1.2,0.37,-0.22,-2.1
390,0.084,0.54,-0.03,-1.4,0.35,-0.16,-0.8,0.06,0.4,-0.09,-1.2,0.53,-0.12,-1.5
391,0.069,0.52,-0.01,-0,0.56,-0.13,-0.7,0.068,0.6,-0.05,-0.7,0.5,-0.16,-1.2
392,0.008,0.46,-0.08,-0.1,0.53,-0.2,-2,0.074,0.42,-0.09,-0.8,0.5,-0.18,-0.9
393,0.068,0.43,-0.08,-1.2,0.34,-0.19,-2.5,0.042,0.42,-0.1,-0.6,0.52,-0.15,-0.8
394,0.034,0.49,-0.03,-1.5,0.39,-0.11,-1.3,0.011,0.58,-0.12,-0.9,0.33,-0.18,-1.6
395,0.027,0.49,-0.04,-0.9,0.51,-0.15,-0.8,0.022,0.45,-0.06,-0.8,0.47,-0.19,-2.2
396,0.02,0.54,-0.01,-0.2,0.36,-0.16,-1.1,0.025,0.49,-0.07,-0.9,0.58,-0.13,-1.2
397,0.018,0.57,-0.09,-1.4,0.39,-0.18,-1.8,0.034,0.46,-0.05,-1.3,0.46,-0.15,-2.4
398,0.08,0.56,-0.01,-1.2,0.41,-0.1,-2,0.031,0.43,-0.03,-0.6,0.38,-0.08,-1.7
399,0.033,0.48,-0,-1.4,0.47,-0.2,-1.1,0.035,0.42,-0.02,-1,0.33,-0.16,-1.1
400,0.01,0.56,-0.08,-0.6,0.35,-0.18,-2.3,0.056,0.52,-0.06,-0.3,0.59,-0.2,-2.4
401,0.066,0.52,-0.08,-0,0.49,-0.18,-1.6,0.058,0.43,-0.08,-0.4,0.3,-0.14,-0.7
402,0.06,0.59,-0.07,-0,0.58,-0.2,-1.5,0.081,0.56,-0.02,-0.2,0.46,-0.23,-2.2
403,0.077,0.56,-0.09,-0.4,0.58,-0.19,-1,0.074,0.54,-0.12,-0.7,0.53,-0.21,-0.8
404,0.049,0.57,-0.09,-1.3,0.45,-0.23,-1.1,0.069,0.51,-0.08,-0.1,0.52,-0.18,-0.7
405,0.085,0.5,-0.07,-1.3,0.59,-0.15,-1.4,0.027,0.46,-0.03,-1,0.42,-0.13,-2
406,0.026,0.52,-0.01,-0.3,0.35,-0.22,-0.9,0.039,0.47,-0.08,-0.7,0.38,-0.08,-2.4
407,0.03,0.56,-0.05,-0.4,0.32,-0.21,-1,0.051,0.44,-0.1,-1.3,0.49,-0.23,-0.9
408,0.014,0.57,-0.1,-0.1,0.55,-0.2,-2.4,0.025,0.43,-0.04,-1.1,0.43,-0.22,-1
409,0.045,0.43,-0.01,-0.8,0.35,-0.15,-1.2,0.044,0.54,-0.05,-0.7,0.48,-0.16,-2.3
410,0.016,0.47,-0.09,-0.5,0.4,-0.24,-1.2,0.041,0.41,-0.09,-1.4,0.57,-0.17,-2.3
411,0.036,0.52,-0.04,-0.7,0.48,-0.21,-2,0.024,0.55,-0.11,-0.8,0.34,-0.21,-1.6
412,0.079,0.56,-0.06,-0.3,0.32,-0.13,-1.9,0.084,0.5,-0.08,-0.9,0.32,-0.14,-1.4
413,0.007,0.55,-0.04,-1.1,0.41,-0.23,-2.1,0.08,0.59,-0.02,-1,0.42,-0.2,-2.5
414,0.03,0.48,-0.03,-0.9,0.52,-0.11,-0.8,0.016,0.48,-0.06,-0.8,0.48,-0.12,-1.2
415,0.051,0.46,-0.08,-1.2,0.52,-0.16,-1.9,0.054,0.4,-0.08,-1.3,0.53,-0.23,-1.6
416,0.068,0.54,-0.04,-1.4,0.35,-0.15,-2,0.011,0.59,-0.08,-1.3,0.42,-0.12,-1.5
417,0.078,0.4,-0.06,-0.9,0.46,-0.22,-0.6,0.065,0.42,-0.08,-0.5,0.44,-0.23,-1.9
418,0.057,0.48,-0.05,-1.2,0.46,-0.23,-2,0.064,0.42,-0.03,-1.2,0.45,-0.15,-1.7
419,0.064,0.47,-0.01,-1,0.45,-0.2,-1.5,0.057,0.48,-0.1,-0.7,0.43,-0.18,-1.5
420,0.033,0.48,-0.06,-1.1,0.52,-0.24,-1.3,0.061,0.42,-0.1,-0,0.57,-0.14,-0.9
421,0.035,0.58,-0.01,-0.4,0.35,-0.17,-1.7,0.067,0.56,-0.09,-0.4,0.32,-0.17,-1.6
422,0.032,0.46,-0.07,-0.5,0.58,-0.17,-1.5,0.028,0.41,-0.08,-1.2,0.47,-0.22,-1.6
423,0.05,0.44,-0.05,-0,0.52,-0.19,-2.2,0.066,0.46,-0.1,-0.2,0.41,-0.13,-1.9
424,0.055,0.55,-0.01,-1.4,0.51,-0.14,-0.7,0.067,0.4,-0.07,-1,0.4,-0.08,-2.3
425,0.061,0.41,-0.01,-1.2,0.41,-0.2,-2,0.03,0.41,-0.05,-0.6,0.5,-0.22,-2.4
426,0.035,0.56,-0.04,-0.7,0.31,-0.13,-1,0.055,0.47,-0.02,-1,0.41,-0.12,-2.3
427,0.078,0.59,-0.06,-1.4,0.53,-0.12,-1.4,0.055,0.51,-0.11,-0.2,0.6,-0.22,-1.4
428,0.023,0.55,-0.06,-1,0.3,-0.22,-0.8,0.005,0.59,-0.04,-0.5,0.46,-0.18,-1.3
429,0.038,0.57,-0.02,-0.3,0.56,-0.17,-1.6,0.032,0.43,-0.09,-0,0.58,-0.14,-1.1
430,0.029,0.49,-0.01,-0.2,0.57,-0.14,-0.9,0.029,0.52,-0.05,-0.6,0.46,-0.16,-1.9
431,0.064,0.5,-0.03,-0.2,0.37,-0.12,-1.1,0.007,0.51,-0.05,-0.8,0.59,-0.19,-1
432,0.081,0.46,-0.1,-0.1,0.45,-0.17,-0.7,0.023,0.59,-0.02,-0.3,0.52,-0.18,-0.5
433,0.041,0.59,-0.11,-1.3,0.49,-0.24,-1.1,0.01,0.59,-0.06,-1,0.3,-0.2,-1.3
434,0.071,0.54,-0.03,-1.5,0.41,-0.22,-1.5,0.01,0.43,-0.11,-1.1,0.58,-0.13,-1.2
435,0.071,0.55,-0.06,-0.1,0.53,-0.24,-2.4,0.065,0.55,-0.04,-0.5,0.45,-0.19,-2.1
436,0.07,0.6,-0.04,-0.7,0.45,-0.2,-2.3,0.008,0.45,-0.04,-0.2,0.58,-0.2,-1
437,0.033,0.48,-0.09,-1.1,0.57,-0.17,-1.6,0.083,0.4,-0.11,-0.8,0.51,-0.22,-2.3
438,0.024,0.45,-0.04,-0.8,0.48,-0.17,-2.3,0.042,0.54,-0.08,-0.8,0.46,-0.13,-0.9
439,0.025,0.49,-0.11,-0.6,0.38,-0.17,-1,0.042,0.44,-0,-1.3,0.42,-0.22,-0.9
440,0.055,0.53,-0.11,-0.3,0.42,-0.17,-0.7,0.036,0.41,-0.12,-0.9,0.37,-0.23,-2.2
441,0.056,0.47,-0.09,-0.7,0.43,-0.19,-1.3,0.084,0.41,-0.01,-1,0.58,-0.18,-0.8
442,0.046,0.42,-0.12,-0.7,0.43,-0.19,-1.6,0.057,0.44,-0.04,-0.6,0.5,-0.2,-1.8
443,0.01,0.46,-0.03,-1.3,0.46,-0.24,-0.5,0.051,0.54,-0.03,-0.1,0.52,-0.12,-1.5
444,0.05,0.44,-0.01,-1.2,0.48,-0.17,-0.9,0.025,0.55,-0.02,-1.1,0.31,-0.1,-1.6
445,0.07,0.47,-0.09,-0.4,0.39,-0.23,-1.1,0.082,0.47,-0.07,-0,0.54,-0.16,-1
446,0.029,0.53,-0.05,-0.4,0.41,-0.14,-2,0.022,0.41,-0.09,-0.8,0.36,-0.21,-2.3
447,0.065,0.49,-0.07,-1.1,0.37,-0.17,-0.9,0.073,0.42,-0.06,-0.2,0.55,-0.22,-2.1
448,0.083,0.55,-0.11,-0.8,0.47,-0.23,-2.5,0.028,0.41,-0.08,-0.9,0.5,-0.19,-1.9
449,0.066,0.45,-0.06,-0.2,0.5,-0.18,-1.3,0.059,0.58,-0,-1.3,0.41,-0.15,-1.9
450,0.017,0.51,-0.09,-0.8,0.51,-0.17,-1.7,0.081,0.57,-0.04,-1.1,0.58,-0.17,-0.9
451,0.044,0.45,-0.09,-1.2,0.47,-0.16,-2.2,0.08,0.52,-0.04,-0.1,0.54,-0.19,-0.9
452,0.017,0.54,-0.06,-1.4,0.45,-0.22,-2,0.043,0.47,-0.02,-0.7,0.36,-0.13,-0.6
453,0.035,0.44,-0.07,-1.1,0.31,-0.16,-1.4,0.055,0.47,-0.11,-1,0.56,-0.23,-1
454,0.047,0.5,-0.07,-0.2,0.6,-0.14,-1.6,0.064,0.57,-0.1,-1,0.5,-0.18,-0.5
455,0.064,0.49,-0.03,-1.3,0.59,-0.15,-2.1,0.059,0.49,-0.02,-0.5,0.31,-0.15,-1.2
456,0.075,0.43,-0.03,-0.9,0.43,-0.1,-2.2,0.049,0.45,-0.07,-0.6,0.44,-0.1,-1.2
457,0.037,0.47,-0.08,-0.7,0.53,-0.18,-1,0.023,0.45,-0.08,-0.9,0.36,-0.16,-1.6
458,0.067,0.51,-0.04,-0.3,0.59,-0.1,-2.2,0.074,0.51,-0.01,-1.1,0.37,-0.23,-1.2
459,0.05,0.57,-0.09,-0.4,0.58,-0.2,-2.4,0.038,0.42,-0.03,-0.6,0.45,-0.2,-1.6
460,0.051,0.44,-0.01,-0,0.32,-0.22,-0.6,0.012,0.48,-0.07,-1.4,0.47,-0.09,-1
461,0.017,0.42,-0.07,-1.1,0.35,-0.18,-1.6,0.033,0.52,-0.01,-0.7,0.45,-0.24,-1.7
462,0.04,0.57,-0.02,-0.6,0.32,-0.24,-0.5,0.047,0.5,-0.11,-0.2,0.47,-0.18,-1.6
463,0.015,0.4,-0.1,-1.3,0.38,-0.22,-1.5,0.078,0.48,-0.1,-1.4,0.31,-0.17,-2.2
464,0.063,0.53,-0.08,-0.1,0.35,-0.17,-2.1,0.04,0.59,-0.12,-0.4,0.31,-0.19,-2.2
465,0.019,0.55,-0.08,-1.5,0.41,-0.19,-0.7,0.009,0.44,-0.08,-1.4,0.59,-0.23,-1.1
466,0.075,0.55,-0.11,-0.3,0.34,-0.19,-1.2,0.008,0.49,-0.07,-1.5,0.36,-0.22,-2.2
467,0.032,0.41,-0.02,-0.8,0.37,-0.17,-1.3,0.058,0.48,-0.04,-1.1,0.4,-0.22,-0.6
468,0.037,0.46,-0.04,-0.4,0.43,-0.21,-2.1,0.076,0.5,-0.01,-0.1,0.55,-0.24,-0.7
469,0.032,0.55,-0.06,-1.3,0.3,-0.17,-0.7,0.029,0.5,-0.02,-0.9,0.53,-0.18,-1.1
470,0.064,0.6,-0.05,-0.8,0.53,-0.12,-1.4,0.038,0.4,-0.05,-0.1,0.35,-0.21,-2.4
471,0.021,0.51,-0,-1.5,0.43,-0.12,-2.4,0.04,0.44,-0.1,-0,0.44,-0.09,-2.3
472,0.007,0.53,-0.03,-0.6,0.48,-0.12,-1.5,0.029,0.47,-0.11,-1.1,0.39,-0.15,-0.9
473,0.038,0.53,-0.11,-1.4,0.33,-0.23,-1.8,0.045,0.41,-0.04,-0.1,0.44,-0.2,-1.5
474,0.068,0.4,-0.02,-0.2,0.4,-0.1,-2.2,0.042,0.49,-0.04,-0.5,0.4,-0.17,-1.8
475,0.022,0.56,-0.07,-0.5,0.57,-0.2,-1.4,0.026,0.5,-0.03,-1.4,0.35,-0.24,-0.9
476,0.069,0.58,-0.06,-1.4,0.32,-0.18,-1.4,0.062,0.55,-0.05,-0.8,0.32,-0.2,-1.4
477,0.031,0.51,-0.1,-1.1,0.4,-0.22,-1.1,0.057,0.41,-0.03,-1.2,0.51,-0.17,-1.6
478,0.08,0.47,-0.1,-0.8,0.59,-0.21,-2.2,0.01,0.43,-0.08,-0.9,0.58,-0.23,-1.5
479,0.006,0.4,-0.02,-0.1,0.36,-0.09,-0.8,0.067,0.54,-0.08,-0.1,0.34,-0.19,-1.9
480,0.011,0.48,-0.08,-1.2,0.52,-0.18,-2.2,0.068,0.44,-0.02,-0.4,0.45,-0.18,-1.4
481,0.076,0.58,-0.02,-0.1,0.54,-0.1,-1.3,0.028,0.57,-0.1,-0.6,0.52,-0.1,-1.3
482,0.048,0.44,-0.09,-1.4,0.33,-0.17,-1.2,0.064,0.52,-0.02,-1.2,0.4,-0.21,-0.6
483,0.024,0.52,-0.08,-0.3,0.34,-0.2,-1.6,0.021,0.53,-0.02,-0.4,0.31,-0.15,-0.6
484,0.048,0.42,-0,-0.5,0.55,-0.13,-1.1,0.04,0.4,-0.01,-1.2,0.3,-0.21,-0.6
485,0.049,0.5,-0.07,-0.8,0.5,-0.15,-0.6,0.038,0.48,-0.07,-0.2,0.46,-0.18,-2
486,0.014,0.44,-0.1,-1,0.48,-0.17,-2.3,0.064,0.59,-0.01,-1.5,0.42,-0.2,-1.9
487,0.045,0.58,-0.09,-0.6,0.56,-0.24,-1.9,0.025,0.45,-0.01,-0.1,0.31,-0.22,-1.1
488,0.083,0.53,-0.11,-0.3,0.3,-0.21,-0.7,0.077,0.58,-0,-0.9,0.57,-0.21,-1.3
489,0.016,0.51,-0.09,-1.3,0.38,-0.16,-0.9,0.009,0.56,-0.03,-0.5,0.45,-0.19,-2.2
490,0.037,0.47,-0.08,-0.1,0.45,-0.23,-1.5,0.045,0.52,-0.07,-1,0.56,-0.19,-1
491,0.059,0.53,-0.09,-0.8,0.55,-0.16,-0.7,0.055,0.55,-0.06,-0.2,0.41,-0.19,-2.5
492,0.072,0.46,-0.07,-0.1,0.57,-0.24,-1.3,0.013,0.54,-0.06,-0.1,0.39,-0.18,-1.3
493,0.01,0.42,-0.06,-0.3,0.6,-0.21,-2,0.022,0.4,-0.11,-0.8,0.33,-0.22,-2.3
494,0.069,0.54,-0.11,-0.5,0.5,-0.21,-2.2,0.037,0.48,-0.1,-0,0.52,-0.19,-2.3
495,0.035,0.54,-0.11,-0.3,0.4,-0.21,-1.2,0.034,0.59,-0.05,-0.7,0.36,-0.18,-2
496,0.034,0.56,-0.11,-0.3,0.55,-0.22,-0.8,0.018,0.41,-0.06,-0.6,0.6,-0.22,-1.4
497,0.048,0.41,-0.02,-1,0.43,-0.23,-2.2,0.021,0.55,-0.11,-0.6,0.6,-0.19,-2.3
498,0.046,0.45,-0.11,-1.3,0.48,-0.22,-2.1,0.035,0.55,-0.1,-1.1,0.4,-0.17,-1.7
499,0.031,0.57,-0,-0.6,0.6,-0.15,-1.9,0.07,0.43,-0.1,-1.5,0.37,-0.13,-2
500,0.048,0.55,-0.09,-1.3,0.52,-0.19,-1.1,0.028,0.48,-0.09,-1.2,0.49,-0.16,-1.6
501,0.027,0.47,-0.06,-0.3,0.53,-0.18,-1.4,0.072,0.51,-0.1,-0.1,0.4,-0.17,-1
502,0.025,0.48,-0.05,-0.6,0.56,-0.15,-1,0.068,0.44,-0.01,-0.1,0.53,-0.22,-2.3
503,0.074,0.56,-0.02,-0.7,0.5,-0.21,-2.3,0.062,0.57,-0.03,-0.8,0.4,-0.12,-2.1
504,0.039,0.47,-0.05,-0.9,0.52,-0.12,-1.6,0.013,0.52,-0.11,-0,0.44,-0.13,-0.8
505,0.058,0.49,-0.02,-1,0.31,-0.23,-1.4,0.074,0.41,-0.11,-0.6,0.51,-0.21,-0.8
506,0.06,0.41,-0.01,-0.1,0.43,-0.22,-1.3,0.014,0.5,-0.01,-0.2,0.45,-0.15,-2.1
507,0.037,0.53,-0,-1.2,0.5,-0.18,-0.7,0.039,0.59,-0.06,-0.1,0.56,-0.17,-2.5
508,0.082,0.44,-0.02,-1,0.36,-0.14,-1.7,0.046,0.56,-0.02,-0.3,0.58,-0.16,-0.7
509,0.013,0.46,-0,-0.5,0.36,-0.14,-0.9,0.041,0.43,-0.11,-0.3,0.43,-0.13,-0.6
510,0.07,0.59,-0.11,-1.3,0.56,-0.17,-1.9,0.047,0.43,-0.11,-0.3,0.32,-0.2,-0.8
511,0.009,0.5,-0.05,-0,0.33,-0.18,-0.5,0.066,0.42,-0.02,-0.7,0.33,-0.17,-1.5
512,0.043,0.49,-0.11,-1.1,0.37,-0.23,-1.9,0.057,0.53,-0.06,-1,0.53,-0.21,-1.3
513,0.062,0.56,-0.03,-1.3,0.56,-0.22,-1.2,0.024,0.53,-0.11,-0.3,0.49,-0.09,-0.8
514,0.006,0.42,-0.01,-0.4,0.55,-0.2,-1.9,0.053,0.53,-0.11,-1.4,0.57,-0.13,-2.1
515,0.072,0.45,-0.05,-1,0.34,-0.21,-0.8,0.084,0.47,-0.07,-0.5,0.49,-0.19,-2.4
516,0.016,0.54,-0.05,-0.3,0.39,-0.18,-1,0.053,0.58,-0.06,-1.1,0.58,-0.18,-1.6
517,0.083,0.51,-0.04,-0.1,0.39,-0.12,-1.3,0.016,0.52,-0.04,-0.3,0.39,-0.16,-1.1
518,0.034,0.44,-0.12,-0.4,0.41,-0.23,-1,0.069,0.47,-0.03,-1.1,0.44,-0.19,-0.9
519,0.074,0.41,-0.12,-0.7,0.54,-0.22,-0.6,0.067,0.52,-0.03,-0,0.54,-0.22,-0.9
520,0.053,0.47,-0.07,-1.3,0.36,-0.18,-1.5,0.051,0.53,-0.06,-1,0.35,-0.14,-2.1
521,0.028,0.6,-0.04,-1.3,0.33,-0.21,-2.1,0.045,0.44,-0,-1.1,0.59,-0.16,-1.4
522,0.028,0.58,-0.05,-0.3,0.54,-0.13,-2.1,0.03,0.51,-0.02,-1.1,0.34,-0.16,-1.6
523,0.016,0.44,-0.03,-1.2,0.46,-0.23,-1,0.05,0.46,-0.06,-0.5,0.46,-0.16,-1.2
524,0.082,0.41,-0.06,-0.7,0.49,-0.18,-2,0.054,0.45,-0.06,-0.5,0.37,-0.16,-0.7
525,0.059,0.55,-0.11,-0.5,0.57,-0.17,-1.2,0.034,0.47,-0,-0.7,0.52,-0.19,-0.5
526,0.008,0.59,-0.03,-0.9,0.44,-0.09,-1.1,0.066,0.47,-0.02,-1.3,0.33,-0.16,-1.5
527,0.037,0.44,-0,-1.2,0.31,-0.09,-2.1,0.085,0.46,-0.04,-0.4,0.55,-0.08,-2.3
528,0.022,0.45,-0.04,-0.2,0.35,-0.22,-1.3,0.045,0.6,-0.04,-0.6,0.36,-0.13,-1.9
529,0.058,0.55,-0.01,-0.5,0.33,-0.23,-2.2,0.007,0.53,-0.08,-0.3,0.55,-0.09,-1.6
530,0.06,0.4,-0.03,-1.2,0.51,-0.11,-0.8,0.053,0.45,-0.12,-1.2,0.36,-0.1,-0.9
531,0.069,0.58,-0.11,-0,0.36,-0.21,-1.6,0.051,0.43,-0.08,-0.2,0.33,-0.19,-1.1
532,0.058,0.57,-0.1,-1,0.47,-0.18,-1,0.053,0.54,-0.01,-1,0.37,-0.22,-1.1
533,0.013,0.52,-0.06,-0.3,0.44,-0.15,-1.1,0.026,0.51,-0.1,-0.7,0.45,-0.13,-1.1
534,0.036,0.6,-0.11,-0.3,0.44,-0.21,-2.4,0.041,0.44,-0.03,-0.7,0.52,-0.23,-1.3
535,0.02,0.52,-0.06,-1.1,0.53,-0.23,-1,0.033,0.58,-0.06,-1.3,0.56,-0.12,-1.1
536,0.021,0.59,-0.02,-0.5,0.49,-0.11,-1.8,0.031,0.51,-0.02,-0.2,0.33,-0.12,-2
537,0.071,0.58,-0.1,-0.9,0.38,-0.17,-1.8,0.024,0.42,-0.01,-0.5,0.53,-0.23,-0.9
538,0.019,0.59,-0.04,-0.2,0.38,-0.24,-1.4,0.062,0.53,-0.01,-0,0.31,-0.11,-1.2
539,0.044,0.55,-0.07,-0.1,0.47,-0.21,-0.9,0.023,0.44,-0.09,-1.2,0.33,-0.18,-2.2
540,0.035,0.58,-0.03,-0.5,0.33,-0.17,-0.7,0.059,0.5,-0.02,-1.5,0.43,-0.22,-1.8
541,0.012,0.47,-0.01,-0.7,0.59,-0.22,-0.7,0.079,0.47,-0.05,-0.8,0.34,-0.14,-1.3
542,0.072,0.51,-0.08,-0.3,0.6,-0.17,-0.7,0.009,0.45,-0.11,-0.6,0.52,-0.14,-1.9
543,0.083,0.54,-0.03,-1.4,0.36,-0.18,-1.9,0.058,0.56,-0.06,-1.2,0.43,-0.15,-1.5
544,0.038,0.42,-0.1,-0.4,0.53,-0.22,-0.8,0.023,0.59,-0.11,-0.8,0.37,-0.2,-2.1
545,0.011,0.54,-0.02,-0.2,0.52,-0.15,-2.1,0.024,0.55,-0.05,-1.3,0.45,-0.08,-1.4
546,0.044,0.54,-0.02,-1.1,0.58,-0.18,-2.4,0.068,0.51,-0.03,-1.2,0.47,-0.22,-2.3
547,0.057,0.54,-0.04,-1,0.46,-0.22,-2.1,0.019,0.54,-0.02,-0.8,0.35,-0.1,-2.3
548,0.058,0.5,-0.02,-0.3,0.59,-0.11,-0.9,0.076,0.57,-0.07,-1.4,0.51,-0.16,-0.5
549,0.046,0.4,-0.09,-0.6,0.42,-0.19,-0.6,0.066,0.5,-0.05,-1.2,0.38,-0.22,-2.5
550,0.058,0.48,-0.05,-0.7,0.36,-0.23,-0.6,0.072,0.52,-0.02,-0.6,0.49,-0.12,-0.5
551,0.022,0.41,-0.11,-0.8,0.34,-0.2,-1.6,0.068,0.57,-0.05,-1.3,0.31,-0.21,-2
552,0.018,0.42,-0.08,-1.1,0.54,-0.19,-1,0.048,0.58,-0.01,-0.5,0.39,-0.16,-1.8
553,0.046,0.43,-0.11,-0.3,0.5,-0.19,-2,0.022,0.45,-0.02,-0.6,0.31,-0.21,-0.8
554,0.053,0.42,-0.1,-0,0.44,-0.18,-1.7,0.053,0.56,-0.02,-0.9,0.4,-0.17,-1.9
555,0.02,0.41,-0.04,-1.5,0.37,-0.13,-0.9,0.036,0.48,-0.01,-0.1,0.52,-0.12,-1.4
556,0.039,0.43,-0.02,-0.5,0.54,-0.12,-2.4,0.051,0.5,-0.03,-0.9,0.56,-0.18,-2.4
557,0.081,0.49,-0.01,-0.1,0.47,-0.15,-2.5,0.052,0.58,-0.1,-0.6,0.55,-0.08,-2.4
558,0.082,0.41,-0.03,-0.3,0.51,-0.14,-1.5,0.049,0.47,-0,-1.5,0.59,-0.18,-1.9
559,0.074,0.44,-0.08,-1.1,0.51,-0.19,-2.2,0.056,0.5,-0.03,-0.2,0.6,-0.23,-1.9
560,0.036,0.55,-0,-0.3,0.51,-0.19,-1.3,0.046,0.53,-0.07,-0.1,0.43,-0.09,-0.9
561,0.011,0.44,-0.05,-0.4,0.5,-0.2,-1.1,0.031,0.56,-0.1,-0.6,0.45,-0.15,-1.7
562,0.06,0.5,-0.05,-1,0.57,-0.22,-1.1,0.074,0.6,-0.04,-0.9,0.48,-0.11,-0.9
563,0.077,0.48,-0.08,-0.6,0.58,-0.23,-1.6,0.062,0.59,-0.02,-0.9,0.6,-0.21,-2.5
564,0.077,0.41,-0.08,-0,0.32,-0.16,-0.9,0.064,0.58,-0.09,-0.3,0.59,-0.21,-2.4
565,0.055,0.52,-0.02,-0.2,0.59,-0.17,-0.8,0.038,0.46,-0.02,-1,0.53,-0.19,-0.5
566,0.057,0.57,-0.04,-0.2,0.47,-0.21,-1.7,0.045,0.43,-0.07,-0.4,0.39,-0.15,-0.5
567,0.062,0.4,-0.03,-0.1,0.45,-0.18,-2.5,0.028,0.5,-0.11,-1.4,0.54,-0.17,-2.2
568,0.027,0.58,-0,-0.5,0.38,-0.07,-2.1,0.025,0.42,-0.05,-0.1,0.49,-0.23,-0.8
569,0.077,0.41,-0.05,-0.6,0.34,-0.21,-1.2,0.072,0.55,-0.07,-0.7,0.33,-0.22,-0.8
570,0.08,0.42,-0.03,-1.5,0.6,-0.15,-0.8,0.016,0.59,-0.06,-1.5,0.58,-0.15,-1.2
571,0.063,0.54,-0.01,-0.6,0.33,-0.1,-1.2,0.026,0.5,-0.11,-0.5,0.32,-0.08,-0.6
572,0.078,0.56,-0.05,-0.7,0.51,-0.2,-2.2,0.01,0.48,-0.03,-0.1,0.38,-0.16,-2.4
573,0.013,0.45,-0.12,-1,0.39,-0.22,-2.3,0.018,0.41,-0.01,-0.7,0.35,-0.2,-1.2
574,0.046,0.45,-0.1,-1,0.43,-0.19,-0.6,0.055,0.48,-0.09,-1.3,0.39,-0.16,-2.3
575,0.054,0.45,-0.08,-1.1,0.58,-0.18,-0.9,0.049,0.51,-0.05,-0.9,0.34,-0.19,-1.7
576,0.058,0.51,-0.1,-0.5,0.37,-0.2,-1.5,0.043,0.49,-0.11,-1.4,0.58,-0.21,-0.8
577,0.01,0.57,-0.01,-0.4,0.45,-0.18,-1.2,0.02,0.44,-0.04,-0.9,0.36,-0.08,-1.7
578,0.03,0.58,-0.11,-1.4,0.37,-0.22,-1.5,0.032,0.42,-0.09,-1.1,0.49,-0.22,-1.2
579,0.047,0.55,-0.1,-0.1,0.33,-0.2,-1.3,0.039,0.51,-0,-1.4,0.35,-0.2,-1.9
580,0.084,0.48,-0.04,-0.4,0.39,-0.11,-2.1,0.012,0.43,-0.11,-0.8,0.46,-0.15,-2.2
581,0.067,0.44,-0.07,-1.3,0.52,-0.22,-2.4,0.017,0.44,-0.06,-0.7,0.3,-0.19,-0.6
582,0.014,0.52,-0.08,-0.3,0.53,-0.22,-1.9,0.05,0.4,-0.01,-1,0.35,-0.15,-2.3
583,0.021,0.4,-0.08,-0.2,0.34,-0.22,-1.5,0.07,0.51,-0.01,-0.7,0.54,-0.17,-0.5
584,0.08,0.49,-0.07,-0.2,0.47,-0.18,-0.6,0.018,0.48,-0.08,-0.7,0.55,-0.14,-0.8
585,0.02,0.6,-0.1,-1.1,0.59,-0.18,-2.3,0.021,0.49,-0.12,-0.1,0.41,-0.17,-2.4
586,0.033,0.56,-0.01,-0.3,0.31,-0.08,-1.6,0.077,0.51,-0.02,-0.7,0.4,-0.09,-1.6
587,0.015,0.42,-0.1,-1,0.58,-0.2,-1.2,0.023,0.49,-0.01,-0.2,0.57,-0.18,-1.8
588,0.05,0.46,-0.12,-1.3,0.53,-0.19,-1.1,0.03,0.41,-0.08,-0.9,0.51,-0.18,-1.4
589,0.015,0.45,-0.1,-0.1,0.37,-0.22,-1.6,0.076,0.56,-0.12,-0.5,0.44,-0.18,-1.8
590,0.022,0.54,-0.06,-0.5,0.44,-0.2,-1.7,0.017,0.56,-0.05,-0.4,0.44,-0.22,-1.5
591,0.013,0.41,-0.04,-0.5,0.51,-0.11,-0.7,0.048,0.44,-0.09,-1,0.55,-0.17,-2
592,0.041,0.42,-0.02,-0.3,0.51,-0.18,-0.7,0.033,0.46,-0.11,-0.3,0.56,-0.23,-1.1
593,0.054,0.52,-0.08,-0.3,0.39,-0.22,-1,0.014,0.42,-0.05,-1.3,0.37,-0.17,-1.8
594,0.069,0.55,-0.08,-0.5,0.52,-0.18,-0.9,0.056,0.42,-0.07,-0.9,0.51,-0.17,-1.3
595,0.008,0.59,-0.06,-1.4,0.47,-0.17,-1.4,0.04,0.5,-0.05,-1.3,0.4,-0.14,-2.4
596,0.082,0.47,-0.01,-0.5,0.39,-0.18,-2,0.05,0.59,-0.05,-0.6,0.42,-0.21,-1.7
597,0.06,0.52,-0.09,-1.4,0.38,-0.18,-2.4,0.082,0.43,-0,-0.1,0.5,-0.2,-2.4
598,0.029,0.44,-0.04,-1.3,0.37,-0.15,-2.4,0.073,0.57,-0.07,-0.7,0.41,-0.23,-1.3
599,0.055,0.57,-0.05,-1.3,0.49,-0.16,-2.1,0.057,0.48,-0.09,-0.8,0.59,-0.22,-1.4
600,0.083,0.47,-0.06,-0.8,0.31,-0.16,-1.4,0.068,0.41,-0.05,-0.4,0.57,-0.14,-1.1
601,0.061,0.59,-0.04,-1.1,0.42,-0.17,-1.2,0.012,0.49,-0.05,-0.7,0.54,-0.18,-2.2
602,0.012,0.53,-0.01,-1,0.31,-0.09,-1.4,0.055,0.56,-0.04,-1.4,0.45,-0.12,-0.8
603,0.067,0.46,-0.05,-1.4,0.56,-0.13,-1.6,0.017,0.55,-0.03,-0.7,0.4,-0.16,-1.5
604,0.063,0.43,-0.06,-0.8,0.38,-0.23,-1.2,0.03,0.59,-0.11,-1.5,0.34,-0.22,-0.8
605,0.036,0.5,-0.11,-0.5,0.48,-0.22,-2.5,0.03,0.46,-0.1,-1.1,0.5,-0.23,-1.9
606,0.07,0.44,-0.1,-0.1,0.45,-0.16,-1.1,0.013,0.46,-0.09,-1.4,0.56,-0.2,-1.2
607,0.025,0.43,-0.09,-0.4,0.33,-0.17,-1.5,0.079,0.51,-0.01,-0.8,0.34,-0.21,-1.4
608,0.059,0.49,-0.01,-1.1,0.58,-0.09,-0.5,0.082,0.45,-0.05,-0.6,0.53,-0.2,-1
609,0.021,0.43,-0.03,-1,0.32,-0.23,-0.6,0.063,0.49,-0.06,-1.2,0.56,-0.12,-2.2
610,0.081,0.44,-0.11,-0.4,0.45,-0.18,-2,0.054,0.54,-0.08,-0.5,0.39,-0.22,-2.4
611,0.074,0.44,-0.03,-0,0.54,-0.22,-1.4,0.051,0.59,-0.07,-0.1,0.43,-0.09,-1
612,0.016,0.52,-0.06,-0.2,0.4,-0.24,-0.8,0.065,0.59,-0.11,-0.9,0.3,-0.19,-1.2
613,0.04,0.43,-0.02,-0.7,0.51,-0.16,-1.7,0.006,0.4,-0.01,-0.5,0.48,-0.18,-1
614,0.022,0.5,-0.01,-0.6,0.3,-0.16,-2,0.078,0.44,-0.04,-0.2,0.42,-0.17,-2.1
615,0.052,0.49,-0.05,-0.2,0.46,-0.18,-1.5,0.074,0.55,-0.05,-0.7,0.56,-0.17,-1.5
616,0.052,0.43,-0,-1.3,0.39,-0.07,-0.6,0.071,0.52,-0.1,-0.6,0.47,-0.15,-1.9
617,0.072,0.53,-0.01,-0.3,0.41,-0.1,-0.8,0.028,0.57,-0.04,-0.5,0.38,-0.16,-1.7
618,0.005,0.47,-0.11,-0,0.4,-0.21,-1.7,0.083,0.49,-0.05,-0.1,0.44,-0.22,-0.7
619,0.077,0.55,-0.02,-0,0.38,-0.14,-1.7,0.012,0.53,-0.01,-0.2,0.31,-0.23,-2
620,0.048,0.53,-0.05,-0.5,0.4,-0.15,-2.5,0.059,0.46,-0.11,-1,0.54,-0.18,-1.8
621,0.028,0.53,-0.01,-0.6,0.35,-0.14,-1,0.041,0.43,-0.1,-0.7,0.36,-0.12,-1.2
622,0.04,0.5,-0.01,-1,0.42,-0.12,-1.3,0.024,0.55,-0.01,-1,0.55,-0.22,-0.6
623,0.031,0.55,-0.01,-0.4,0.46,-0.2,-2.1,0.079,0.5,-0.1,-0.5,0.45,-0.13,-2.4
624,0.05,0.46,-0.12,-0,0.48,-0.21,-1.2,0.047,0.48,-0.03,-1.3,0.54,-0.2,-2.2
625,0.029,0.42,-0.1,-1.1,0.52,-0.22,-2.5,0.017,0.44,-0.08,-1.4,0.32,-0.18,-2
626,0.067,0.48,-0.03,-0.7,0.54,-0.21,-1.8,0.084,0.5,-0.11,-1,0.54,-0.18,-1.7
627,0.009,0.58,-0.01,-0.4,0.3,-0.17,-2.3,0.037,0.57,-0.06,-0.2,0.44,-0.16,-1.1
628,0.026,0.52,-0.02,-0.4,0.42,-0.22,-1.2,0.017,0.41,-0.09,-0.1,0.55,-0.15,-2
629,0.029,0.5,-0.11,-0.2,0.37,-0.21,-1.6,0.006,0.6,-0.07,-0.9,0.45,-0.18,-1.9
630,0.01,0.51,-0.06,-0.7,0.42,-0.16,-2.3,0.053,0.6,-0.06,-0.7,0.49,-0.2,-1.1
631,0.051,0.42,-0.04,-1.1,0.42,-0.18,-1.9,0.007,0.42,-0.01,-0.3,0.38,-0.22,-2.5
632,0.022,0.47,-0.1,-0.6,0.52,-0.19,-1.8,0.019,0.6,-0,-0.1,0.49,-0.2,-2.1
633,0.065,0.49,-0.03,-0.2,0.4,-0.19,-2.4,0.063,0.42,-0.07,-0.3,0.4,-0.11,-1.2
634,0.01,0.59,-0.05,-1.3,0.33,-0.22,-1.6,0.071,0.54,-0.05,-1.3,0.54,-0.2,-0.9
635,0.015,0.59,-0.11,-0.8,0.5,-0.24,-2.3,0.061,0.48,-0.11,-1.4,0.53,-0.23,-0.9
636,0.024,0.51,-0.04,-1.3,0.37,-0.23,-0.6,0.069,0.59,-0.08,-1.4,0.59,-0.2,-1
637,0.062,0.51,-0.08,-1,0.39,-0.19,-2.2,0.061,0.57,-0.08,-1,0.56,-0.15,-2
638,0.065,0.58,-0.02,-0.5,0.33,-0.1,-1.2,0.073,0.59,-0.1,-0.2,0.5,-0.09,-1.1
639,0.072,0.54,-0.12,-0.4,0.42,-0.23,-1.1,0.082,0.49,-0.12,-0.7,0.32,-0.2,-1.7
640,0.07,0.48,-0.07,-0.7,0.33,-0.15,-1.7,0.078,0.45,-0,-0.6,0.41,-0.23,-2
641,0.032,0.43,-0.07,-0.6,0.35,-0.19,-2.4,0.032,0.52,-0.08,-1.5,0.52,-0.19,-1.6
642,0.059,0.56,-0.09,-1,0.43,-0.22,-2.4,0.015,0.44,-0.11,-0.6,0.54,-0.2,-2.5
643,0.036,0.49,-0.04,-0.2,0.57,-0.23,-2.3,0.048,0.56,-0.09,-1.4,0.54,-0.18,-1.6
644,0.007,0.54,-0.05,-0.6,0.58,-0.22,-1,0.056,0.58,-0.06,-0.2,0.37,-0.2,-1.5
645,0.005,0.58,-0.09,-0.7,0.32,-0.21,-1.8,0.061,0.6,-0.09,-0.4,0.57,-0.21,-0.6
646,0.057,0.47,-0.01,-0.9,0.32,-0.15,-2.4,0.07,0.51,-0.06,-1.4,0.31,-0.14,-1.5
647,0.033,0.52,-0.12,-0.9,0.46,-0.19,-1.6,0.029,0.44,-0.09,-0.6,0.58,-0.22,-1.4
648,0.055,0.51,-0.04,-0.2,0.57,-0.22,-1.4,0.021,0.48,-0.04,-0.9,0.35,-0.18,-2.4
649,0.081,0.48,-0.11,-0.5,0.46,-0.18,-0.7,0.006,0.52,-0.02,-1.1,0.59,-0.21,-2.4
650,0.074,0.5,-0.05,-0.6,0.48,-0.15,-0.6,0.042,0.4,-0.06,-1.3,0.36,-0.21,-0.5
651,0.051,0.48,-0.06,-0.2,0.55,-0.2,-2.4,0.073,0.42,-0.01,-1.1,0.48,-0.13,-2
652,0.051,0.6,-0.05,-1.5,0.42,-0.13,-0.7,0.076,0.4,-0.02,-0.3,0.56,-0.18,-1.7
653,0.066,0.42,-0.1,-1.3,0.36,-0.17,-0.7,0.076,0.44,-0.09,-1.5,0.45,-0.19,-0.6
654,0.042,0.43,-0.06,-0.7,0.41,-0.2,-0.9,0.044,0.44,-0.04,-0.1,0.57,-0.2,-0.6
655,0.077,0.54,-0.1,-0,0.45,-0.19,-1.5,0.069,0.54,-0.12,-1.4,0.34,-0.17,-1.1
656,0.041,0.54,-0.11,-1.4,0.58,-0.23,-2.4,0.037,0.55,-0.06,-0.2,0.31,-0.21,-0.9
657,0.026,0.53,-0.04,-0.6,0.57,-0.24,-1,0.02,0.55,-0.02,-1.3,0.47,-0.19,-2.3
658,0.042,0.46,-0.06,-0.7,0.46,-0.21,-2.5,0.067,0.59,-0.1,-0.4,0.54,-0.22,-2
659,0.007,0.52,-0.1,-0.9,0.35,-0.2,-0.9,0.082,0.49,-0.11,-1,0.45,-0.18,-2.4
660,0.076,0.45,-0,-0.1,0.39,-0.17,-1.6,0.006,0.45,-0.05,-0.4,0.41,-0.19,-2.2
661,0.046,0.47,-0.03,-0.8,0.48,-0.15,-2.3,0.082,0.53,-0.04,-0.5,0.4,-0.17,-1.3
662,0.043,0.5,-0.01,-0.6,0.58,-0.19,-2.1,0.049,0.56,-0.09,-0.8,0.6,-0.07,-2.1
663,0.034,0.5,-0.1,-1.3,0.49,-0.19,-1.9,0.011,0.6,-0.09,-0.2,0.57,-0.18,-1
664,0.03,0.59,-0.09,-1.1,0.37,-0.19,-1.6,0.011,0.42,-0,-1.4,0.42,-0.18,-2
665,0.051,0.56,-0.02,-0.9,0.36,-0.15,-1.7,0.045,0.5,-0.11,-0.4,0.43,-0.21,-1.2
666,0.057,0.5,-0.06,-1.1,0.48,-0.18,-0.8,0.079,0.41,-0.05,-0.1,0.36,-0.14,-2
667,0.066,0.45,-0.11,-0.7,0.53,-0.17,-1.5,0.058,0.54,-0.09,-0.1,0.47,-0.23,-2.2
668,0.076,0.5,-0.02,-1.2,0.34,-0.23,-2.3,0.058,0.58,-0.06,-1.4,0.56,-0.16,-1
669,0.081,0.43,-0.08,-1.4,0.37,-0.23,-1.2,0.027,0.59,-0.07,-0.6,0.45,-0.22,-1.9
670,0.068,0.41,-0.08,-0.7,0.54,-0.21,-1.9,0.009,0.56,-0.07,-0.3,0.48,-0.16,-1.5
671,0.069,0.56,-0.11,-1.2,0.54,-0.19,-1.6,0.074,0.52,-0.01,-1.2,0.57,-0.22,-1.6
672,0.021,0.56,-0.12,-0.5,0.34,-0.22,-0.5,0.043,0.52,-0.04,-0.3,0.41,-0.23,-1.9
673,0.047,0.56,-0.04,-1,0.52,-0.19,-2.3,0.083,0.43,-0.12,-0.2,0.42,-0.23,-2.3
674,0.066,0.5,-0.1,-0.5,0.39,-0.17,-1.5,0.021,0.54,-0.08,-0.2,0.47,-0.2,-1.9
675,0.059,0.42,-0.12,-0.4,0.49,-0.21,-1.8,0.08,0.53,-0.04,-0.9,0.43,-0.23,-0.7
676,0.038,0.55,-0,-1.2,0.54,-0.1,-0.7,0.061,0.52,-0.12,-0.4,0.45,-0.21,-1.9
677,0.026,0.45,-0.04,-0.3,0.46,-0.24,-2,0.038,0.5,-0.06,-1.3,0.43,-0.15,-0.9
678,0.032,0.4,-0.07,-1.1,0.51,-0.2,-0.9,0.046,0.49,-0.06,-0,0.38,-0.21,-1
679,0.041,0.58,-0.07,-1,0.51,-0.2,-1,0.005,0.46,-0.03,-1,0.54,-0.22,-0.6
680,0.024,0.49,-0.01,-0,0.59,-0.18,-0.8,0.019,0.51,-0.03,-1.4,0.37,-0.16,-2.4
681,0.023,0.58,-0.1,-0.2,0.57,-0.16,-2.1,0.067,0.57,-0.06,-0.4,0.41,-0.21,-2
682,0.075,0.47,-0.11,-0.4,0.6,-0.21,-2.4,0.033,0.46,-0.11,-1.4,0.56,-0.2,-1.8
683,0.084,0.48,-0.04,-1.2,0.59,-0.16,-0.8,0.062,0.42,-0.04,-1.3,0.59,-0.18,-0.8
684,0.014,0.56,-0.01,-0.1,0.38,-0.15,-0.6,0.057,0.59,-0.07,-0.3,0.42,-0.12,-2.5
685,0.071,0.53,-0.07,-1.1,0.34,-0.14,-2.2,0.085,0.44,-0.07,-1.1,0.44,-0.17,-1.5
686,0.03,0.55,-0.1,-0.5,0.53,-0.22,-2.5,0.013,0.55,-0,-1.5,0.57,-0.21,-1.3
687,0.035,0.5,-0.03,-0.1,0.46,-0.15,-2.2,0.011,0.42,-0.05,-0.4,0.45,-0.2,-0.6
688,0.049,0.5,-0.06,-0.8,0.31,-0.22,-1.6,0.084,0.5,-0.1,-1.2,0.4,-0.24,-2.3
689,0.02,0.55,-0.11,-0,0.51,-0.18,-0.9,0.081,0.46,-0.05,-0.9,0.32,-0.24,-0.7
690,0.036,0.43,-0.05,-1.1,0.37,-0.11,-2.3,0.026,0.45,-0.05,-1.5,0.48,-0.18,-2.2
691,0.032,0.56,-0.01,-0.1,0.55,-0.18,-1.3,0.061,0.45,-0.04,-0.5,0.56,-0.08,-0.9
692,0.048,0.43,-0.07,-0.7,0.37,-0.17,-1.1,0.082,0.44,-0.08,-0.4,0.51,-0.18,-0.9
693,0.057,0.6,-0.06,-0.2,0.37,-0.23,-2.4,0.011,0.51,-0.12,-0.5,0.58,-0.23,-2.1
694,0.056,0.58,-0.09,-0.4,0.53,-0.16,-2,0.071,0.59,-0.12,-0.8,0.31,-0.18,-1.3
695,0.062,0.59,-0.09,-0.4,0.32,-0.2,-2.1,0.075,0.47,-0.08,-1.4,0.51,-0.23,-1.8
696,0.044,0.52,-0.09,-0.6,0.55,-0.18,-1.5,0.016,0.56,-0.07,-0.1,0.55,-0.22,-1.7
697,0.038,0.58,-0.09,-1.3,0.57,-0.16,-2,0.046,0.57,-0.03,-0.2,0.36,-0.24,-0.5
698,0.073,0.58,-0.03,-1.4,0.48,-0.14,-0.6,0.074,0.43,-0.04,-0.1,0.34,-0.22,-2.4
699,0.057,0.59,-0.09,-0.7,0.44,-0.22,-1.6,0.072,0.44,-0.09,-0.8,0.43,-0.22,-0.6
700,0.028,0.53,-0.11,-1.4,0.32,-0.19,-1.5,0.046,0.49,-0.11,-0.7,0.35,-0.21,-1.4
701,0.034,0.51,-0.11,-0.2,0.37,-0.19,-1.8,0.074,0.56,-0.01,-0.2,0.55,-0.23,-2.1
702,0.078,0.58,-0.05,-0.1,0.54,-0.14,-1.3,0.022,0.54,-0.09,-0.9,0.42,-0.24,-1.3
703,0.051,0.48,-0.11,-1.3,0.44,-0.21,-0.8,0.058,0.46,-0.03,-0.4,0.51,-0.18,-1.5
704,0.067,0.46,-0.07,-0,0.53,-0.19,-2.4,0.078,0.6,-0.03,-1.5,0.49,-0.22,-1.5
705,0.071,0.55,-0.02,-1,0.4,-0.22,-0.7,0.083,0.48,-0.07,-0,0.32,-0.14,-2
706,0.017,0.52,-0.02,-0.7,0.53,-0.21,-1.5,0.045,0.54,-0.05,-0.9,0.33,-0.23,-2.3
707,0.075,0.59,-0.02,-0.9,0.44,-0.11,-2.4,0.014,0.57,-0.12,-0.3,0.31,-0.13,-2.5
708,0.036,0.42,-0.03,-1.1,0.37,-0.15,-0.7,0.048,0.55,-0.11,-1.2,0.48,-0.1,-2
709,0.066,0.52,-0.06,-0.1,0.58,-0.14,-1.9,0.016,0.57,-0.12,-0.4,0.45,-0.14,-0.5
710,0.02,0.43,-0.07,-1.3,0.38,-0.14,-1,0.007,0.45,-0.09,-1.5,0.55,-0.22,-1.7
711,0.057,0.55,-0.08,-1.3,0.5,-0.22,-0.8,0.006,0.48,-0.03,-1.3,0.59,-0.18,-1.3
712,0.044,0.48,-0.1,-0.7,0.42,-0.2,-1.8,0.023,0.4,-0.01,-0.3,0.58,-0.2,-2.2
713,0.061,0.6,-0.02,-0.6,0.49,-0.24,-2.4,0.062,0.56,-0.09,-0.5,0.51,-0.22,-0.5
714,0.041,0.45,-0.06,-0.9,0.42,-0.2,-0.6,0.04,0.51,-0.08,-1.2,0.37,-0.17,-2.4
715,0.012,0.58,-0.07,-0.1,0.35,-0.21,-1.7,0.039,0.41,-0.09,-1.3,0.52,-0.15,-0.8
716,0.027,0.57,-0.05,-0.1,0.39,-0.12,-1.4,0.048,0.44,-0.03,-0.8,0.33,-0.22,-0.7
717,0.033,0.49,-0.09,-1,0.34,-0.15,-2.2,0.057,0.54,-0.11,-0.5,0.48,-0.22,-2.2
718,0.038,0.53,-0.12,-0.5,0.48,-0.23,-0.9,0.08,0.41,-0.01,-1.4,0.59,-0.22,-1
719,0.064,0.49,-0.09,-0.3,0.3,-0.16,-1.3,0.021,0.55,-0.04,-0.9,0.52,-0.24,-1.5
720,0.058,0.51,-0.08,-0.7,0.56,-0.19,-0.9,0.039,0.51,-0.08,-1.4,0.45,-0.16,-1.2
721,0.05,0.5,-0.09,-0.2,0.51,-0.24,-1.4,0.034,0.58,-0.06,-0.1,0.46,-0.15,-0.7
722,0.073,0.53,-0.03,-0.4,0.49,-0.22,-1.5,0.02,0.46,-0.05,-1.4,0.35,-0.19,-0.7
723,0.034,0.42,-0.12,-1.4,0.41,-0.24,-1.4,0.018,0.58,-0.03,-0.6,0.48,-0.23,-2.5
724,0.025,0.44,-0.08,-1.2,0.36,-0.17,-0.6,0.014,0.44,-0.09,-1.3,0.46,-0.17,-1.9
725,0.084,0.59,-0.05,-0.8,0.6,-0.21,-1,0.018,0.43,-0.12,-1.2,0.39,-0.18,-1.2
726,0.08,0.44,-0.12,-0.7,0.3,-0.19,-1.9,0.05,0.46,-0.03,-0.5,0.38,-0.23,-1.1
727,0.084,0.56,-0.06,-0.8,0.44,-0.22,-1.3,0.061,0.48,-0.11,-1.5,0.46,-0.14,-0.8
728,0.009,0.59,-0.03,-0.5,0.51,-0.09,-1.5,0.071,0.47,-0.11,-0.6,0.48,-0.14,-1.4
729,0.076,0.44,-0.05,-1.2,0.59,-0.17,-1.4,0.02,0.6,-0.07,-0.4,0.34,-0.21,-1
730,0.065,0.55,-0.09,-1.1,0.31,-0.17,-2.3,0.053,0.53,-0.04,-0.1,0.41,-0.24,-0.7
731,0.021,0.43,-0.07,-1.1,0.57,-0.2,-1.7,0.019,0.57,-0.02,-0.1,0.58,-0.16,-0.9
732,0.07,0.44,-0.1,-1,0.36,-0.18,-0.9,0.082,0.56,-0.11,-1.1,0.58,-0.18,-1.8
733,0.049,0.57,-0.07,-0,0.44,-0.15,-2.4,0.047,0.57,-0.05,-1.4,0.48,-0.23,-0.7
734,0.054,0.54,-0.09,-1,0.56,-0.16,-1.4,0.076,0.49,-0.01,-0.6,0.43,-0.18,-0.6
735,0.012,0.47,-0.12,-0.1,0.32,-0.2,-1.8,0.073,0.59,-0.07,-0.5,0.5,-0.23,-1.8
736,0.019,0.57,-0.03,-0.9,0.47,-0.12,-0.9,0.026,0.53,-0.05,-1,0.47,-0.13,-2.3
737,0.011,0.46,-0.11,-0.9,0.41,-0.21,-1,0.035,0.46,-0.1,-1.4,0.48,-0.19,-2.1
738,0.043,0.48,-0.12,-0.9,0.57,-0.21,-1.7,0.049,0.58,-0,-1.4,0.36,-0.18,-2.1
739,0.077,0.41,-0,-1.2,0.41,-0.07,-1.2,0.053,0.55,-0.03,-0.8,0.32,-0.19,-1.6
740,0.014,0.51,-0.08,-0.3,0.59,-0.23,-1.1,0.037,0.57,-0.06,-0.4,0.57,-0.21,-1
741,0.041,0.59,-0.11,-1,0.59,-0.21,-1.6,0.035,0.58,-0.11,-1.3,0.53,-0.19,-0.6
742,0.03,0.57,-0.04,-0.7,0.38,-0.14,-1.4,0.077,0.51,-0.04,-1.2,0.42,-0.12,-1.5
743,0.079,0.5,-0.05,-0.9,0.48,-0.16,-2.3,0.075,0.52,-0,-0.3,0.4,-0.13,-2.4
744,0.006,0.49,-0.08,-0.7,0.44,-0.17,-2.4,0.015,0.5,-0.01,-0.3,0.54,-0.19,-2
745,0.023,0.5,-0.06,-0.4,0.52,-0.18,-1.3,0.026,0.44,-0.05,-0.4,0.47,-0.24,-2.2
746,0.017,0.58,-0.04,-0.4,0.45,-0.21,-1.4,0.016,0.45,-0.06,-1,0.58,-0.18,-1.1
747,0.005,0.55,-0.11,-1.2,0.54,-0.24,-0.7,0.05,0.54,-0.1,-0.8,0.5,-0.23,-1.5
748,0.072,0.6,-0.12,-1.1,0.45,-0.22,-1.4,0.015,0.57,-0.09,-1,0.53,-0.2,-0.8
749,0.009,0.6,-0.09,-0.5,0.41,-0.17,-2.3,0.063,0.49,-0.05,-0.7,0.32,-0.23,-1.8
750,0.02,0.54,-0.02,-1.4,0.5,-0.24,-0.7,0.031,0.57,-0.04,-1.2,0.32,-0.16,-2.4
