4/24/2026 9:23:22 AM,1,Info,WT8-GUI,83090030,NI-DAQmx,NI-DAQmx Started/Initialized
4/24/2026 9:23:24 AM,1,Info,WT8-GUI,83090031,HM,Channel Error Detection Started/Initialized
4/24/2026 9:23:24 AM,202,Warning,WT8-GUI,83090032,HM,Overscaled Channel detected at Tag AI_TK_000
4/24/2026 9:23:24 AM,202,Warning,WT8-GUI,83090033,HM,Overscaled Channel detected at Tag AI_TK_009
4/24/2026 9:23:24 AM,202,Warning,WT8-GUI,83090034,HM,Overscaled Channel detected at Tag AI_TK_010
4/24/2026 9:23:24 AM,202,Warning,WT8-GUI,83090035,HM,Overscaled Channel detected at Tag AI_TK_011
4/24/2026 9:23:24 AM,202,Warning,WT8-GUI,83090036,HM,Overscaled Channel detected at Tag AI_TK_012
4/24/2026 9:23:24 AM,202,Warning,WT8-GUI,83090037,HM,Overscaled Channel detected at Tag AI_TK_013
4/24/2026 9:23:24 AM,202,Warning,WT8-GUI,83090038,HM,Overscaled Channel detected at Tag AI_TK_014
4/24/2026 9:23:24 AM,202,Warning,WT8-GUI,83090039,HM,Overscaled Channel detected at Tag AI_TK_015
4/24/2026 9:23:24 AM,202,Warning,WT8-GUI,83090040,HM,Overscaled Channel detected at Tag AI_TK_016
4/24/2026 9:23:24 AM,202,Warning,WT8-GUI,83090041,HM,Overscaled Channel detected at Tag AI_TK_017
4/24/2026 9:23:24 AM,202,Warning,WT8-GUI,83090042,HM,Overscaled Channel detected at Tag AI_TK_018
4/24/2026 9:23:24 AM,202,Warning,WT8-GUI,83090043,HM,Overscaled Channel detected at Tag AI_TK_001
4/24/2026 9:23:24 AM,202,Warning,WT8-GUI,83090044,HM,Overscaled Channel detected at Tag AI_TK_019
4/24/2026 9:23:24 AM,202,Warning,WT8-GUI,83090045,HM,Overscaled Channel detected at Tag AI_TK_020
4/24/2026 9:23:24 AM,202,Warning,WT8-GUI,83090046,HM,Overscaled Channel detected at Tag AI_TK_021
4/24/2026 9:23:24 AM,202,Warning,WT8-GUI,83090047,HM,Overscaled Channel detected at Tag AI_TK_022
4/24/2026 9:23:24 AM,202,Warning,WT8-GUI,83090048,HM,Overscaled Channel detected at Tag AI_TK_023
4/24/2026 9:23:24 AM,202,Warning,WT8-GUI,83090049,HM,Overscaled Channel detected at Tag AI_TK_024
4/24/2026 9:23:24 AM,202,Warning,WT8-GUI,83090050,HM,Overscaled Channel detected at Tag AI_TK_025
4/24/2026 9:23:24 AM,202,Warning,WT8-GUI,83090051,HM,Overscaled Channel detected at Tag AI_TK_026
4/24/2026 9:23:24 AM,202,Warning,WT8-GUI,83090052,HM,Overscaled Channel detected at Tag AI_TK_027
4/24/2026 9:23:24 AM,202,Warning,WT8-GUI,83090053,HM,Overscaled Channel detected at Tag AI_TK_028
4/24/2026 9:23:24 AM,202,Warning,WT8-GUI,83090054,HM,Overscaled Channel detected at Tag AI_TK_002
4/24/2026 9:23:24 AM,202,Warning,WT8-GUI,83090055,HM,Overscaled Channel detected at Tag AI_TK_029
4/24/2026 9:23:24 AM,202,Warning,WT8-GUI,83090056,HM,Overscaled Channel detected at Tag AI_TK_030
4/24/2026 9:23:24 AM,202,Warning,WT8-GUI,83090057,HM,Overscaled Channel detected at Tag AI_TK_003
4/24/2026 9:23:24 AM,202,Warning,WT8-GUI,83090058,HM,Overscaled Channel detected at Tag AI_TK_004
4/24/2026 9:23:24 AM,202,Warning,WT8-GUI,83090059,HM,Overscaled Channel detected at Tag AI_TK_005
4/24/2026 9:23:24 AM,202,Warning,WT8-GUI,83090060,HM,Overscaled Channel detected at Tag AI_TK_006
4/24/2026 9:23:24 AM,202,Warning,WT8-GUI,83090061,HM,Overscaled Channel detected at Tag AI_TK_007
4/24/2026 9:23:24 AM,202,Warning,WT8-GUI,83090062,HM,Overscaled Channel detected at Tag AI_TK_008
4/24/2026 9:23:24 AM,202,Warning,WT8-GUI,83090063,HM,Overscaled Channel detected at Tag AI_Volts_Shunt_000
4/24/2026 9:23:24 AM,202,Warning,WT8-GUI,83090064,HM,Overscaled Channel detected at Tag AI_Volts_Shunt_001
4/24/2026 9:23:24 AM,202,Warning,WT8-GUI,83090065,HM,Overscaled Channel detected at Tag AI_Volts_Shunt_003
4/24/2026 9:23:24 AM,202,Warning,WT8-GUI,83090066,HM,Overscaled Channel detected at Tag AI_Volts_Shunt_004
4/24/2026 9:23:24 AM,202,Warning,WT8-GUI,83090067,HM,Overscaled Channel detected at Tag AI_Volts_Shunt_006
4/24/2026 9:23:24 AM,202,Warning,WT8-GUI,83090068,HM,Overscaled Channel detected at Tag AI_Volts_Shunt_007
4/24/2026 9:23:24 AM,202,Warning,WT8-GUI,83090069,HM,Overscaled Channel detected at Tag AI_Volts_Shunt_008
4/24/2026 9:23:24 AM,202,Warning,WT8-GUI,83090070,HM,Overscaled Channel detected at Tag AI_Volts_Shunt_009
4/24/2026 9:23:24 AM,202,Warning,WT8-GUI,83090071,HM,Overscaled Channel detected at Tag AI_Volts_Shunt_010
4/24/2026 9:23:24 AM,202,Warning,WT8-GUI,83090072,HM,Overscaled Channel detected at Tag AI_Volts_Shunt_011
4/24/2026 9:23:24 AM,202,Warning,WT8-GUI,83090073,HM,Overscaled Channel detected at Tag AI_Volts_Shunt_012
4/24/2026 9:23:24 AM,202,Warning,WT8-GUI,83090074,HM,Overscaled Channel detected at Tag AI_Volts_Shunt_013
4/24/2026 9:23:24 AM,202,Warning,WT8-GUI,83090075,HM,Overscaled Channel detected at Tag AI_Volts_Shunt_014
4/24/2026 9:23:24 AM,202,Warning,WT8-GUI,83090076,HM,Overscaled Channel detected at Tag AI_Volts_Shunt_015
4/24/2026 9:23:24 AM,202,Warning,WT8-GUI,83090077,HM,Overscaled Channel detected at Tag AI_Strain_000
4/24/2026 9:23:24 AM,202,Warning,WT8-GUI,83090078,HM,Overscaled Channel detected at Tag AI_Strain_001
4/24/2026 9:23:24 AM,202,Warning,WT8-GUI,83090079,HM,Overscaled Channel detected at Tag AI_Strain_002
4/24/2026 9:23:24 AM,202,Warning,WT8-GUI,83090080,HM,Overscaled Channel detected at Tag AI_Strain_003
4/24/2026 9:23:24 AM,202,Warning,WT8-GUI,83090081,HM,Overscaled Channel detected at Tag AI_Strain_004
4/24/2026 9:23:24 AM,202,Warning,WT8-GUI,83090082,HM,Overscaled Channel detected at Tag AI_Strain_005
4/24/2026 9:23:24 AM,202,Warning,WT8-GUI,83090083,HM,Overscaled Channel detected at Tag AI_Strain_006
4/24/2026 9:23:24 AM,202,Warning,WT8-GUI,83090084,HM,Overscaled Channel detected at Tag AI_Strain_007
4/24/2026 9:23:24 AM,202,Warning,WT8-GUI,83090085,HM,Overscaled Channel detected at Tag AI_TT_000
4/24/2026 9:23:24 AM,202,Warning,WT8-GUI,83090086,HM,Overscaled Channel detected at Tag AI_TT_009
4/24/2026 9:23:24 AM,202,Warning,WT8-GUI,83090087,HM,Overscaled Channel detected at Tag AI_TT_010
4/24/2026 9:23:24 AM,202,Warning,WT8-GUI,83090088,HM,Overscaled Channel detected at Tag AI_TT_011
4/24/2026 9:23:24 AM,202,Warning,WT8-GUI,83090089,HM,Overscaled Channel detected at Tag AI_TT_012
4/24/2026 9:23:24 AM,202,Warning,WT8-GUI,83090090,HM,Overscaled Channel detected at Tag AI_TT_013
4/24/2026 9:23:24 AM,202,Warning,WT8-GUI,83090091,HM,Overscaled Channel detected at Tag AI_TT_014
4/24/2026 9:23:24 AM,202,Warning,WT8-GUI,83090092,HM,Overscaled Channel detected at Tag AI_TT_015
4/24/2026 9:23:24 AM,202,Warning,WT8-GUI,83090093,HM,Overscaled Channel detected at Tag AI_TT_016
4/24/2026 9:23:24 AM,202,Warning,WT8-GUI,83090094,HM,Overscaled Channel detected at Tag AI_TT_017
4/24/2026 9:23:24 AM,202,Warning,WT8-GUI,83090095,HM,Overscaled Channel detected at Tag AI_TT_018
4/24/2026 9:23:24 AM,202,Warning,WT8-GUI,83090096,HM,Overscaled Channel detected at Tag AI_TT_001
4/24/2026 9:23:24 AM,202,Warning,WT8-GUI,83090097,HM,Overscaled Channel detected at Tag AI_TT_019
4/24/2026 9:23:24 AM,202,Warning,WT8-GUI,83090098,HM,Overscaled Channel detected at Tag AI_TT_020
4/24/2026 9:23:24 AM,202,Warning,WT8-GUI,83090099,HM,Overscaled Channel detected at Tag AI_TT_021
4/24/2026 9:23:24 AM,202,Warning,WT8-GUI,83090100,HM,Overscaled Channel detected at Tag AI_TT_022
4/24/2026 9:23:24 AM,202,Warning,WT8-GUI,83090101,HM,Overscaled Channel detected at Tag AI_TT_023
4/24/2026 9:23:24 AM,202,Warning,WT8-GUI,83090102,HM,Overscaled Channel detected at Tag AI_TT_024
4/24/2026 9:23:24 AM,202,Warning,WT8-GUI,83090103,HM,Overscaled Channel detected at Tag AI_TT_025
4/24/2026 9:23:24 AM,202,Warning,WT8-GUI,83090104,HM,Overscaled Channel detected at Tag AI_TT_026
4/24/2026 9:23:24 AM,202,Warning,WT8-GUI,83090105,HM,Overscaled Channel detected at Tag AI_TT_027
4/24/2026 9:23:24 AM,202,Warning,WT8-GUI,83090106,HM,Overscaled Channel detected at Tag AI_TT_028
4/24/2026 9:23:24 AM,202,Warning,WT8-GUI,83090107,HM,Overscaled Channel detected at Tag AI_TT_002
4/24/2026 9:23:24 AM,202,Warning,WT8-GUI,83090108,HM,Overscaled Channel detected at Tag AI_TT_029
4/24/2026 9:23:24 AM,202,Warning,WT8-GUI,83090109,HM,Overscaled Channel detected at Tag AI_TT_030
4/24/2026 9:23:24 AM,202,Warning,WT8-GUI,83090110,HM,Overscaled Channel detected at Tag AI_TT_003
4/24/2026 9:23:24 AM,202,Warning,WT8-GUI,83090111,HM,Overscaled Channel detected at Tag AI_TT_004
4/24/2026 9:23:24 AM,202,Warning,WT8-GUI,83090112,HM,Overscaled Channel detected at Tag AI_TT_005
4/24/2026 9:23:24 AM,202,Warning,WT8-GUI,83090113,HM,Overscaled Channel detected at Tag AI_TT_006
4/24/2026 9:23:24 AM,202,Warning,WT8-GUI,83090114,HM,Overscaled Channel detected at Tag AI_TT_007
4/24/2026 9:23:24 AM,202,Warning,WT8-GUI,83090115,HM,Overscaled Channel detected at Tag AI_TT_008
4/24/2026 9:23:50 AM,97,Info,WT8-GUI,83090116,DATASTORE,"Group 1 (Record 1) data storage initiated:  Duration Continuous, Samples to Average 1, Rate 0 min 1.00 secs ."
4/24/2026 9:24:10 AM,301005,Warning,WT8-GUI,83090117,OPC,OPC Server Graybox.Simulator.1 on host localhost has not updated data in 1 minute(s).
4/24/2026 9:24:24 AM,202,Warning,WT8-GUI,83090118,HM,Overscaled Channel detected at Tag AI_TK_000
4/24/2026 9:24:24 AM,202,Warning,WT8-GUI,83090119,HM,Overscaled Channel detected at Tag AI_TK_009
4/24/2026 9:24:24 AM,202,Warning,WT8-GUI,83090120,HM,Overscaled Channel detected at Tag AI_TK_010
4/24/2026 9:24:24 AM,202,Warning,WT8-GUI,83090121,HM,Overscaled Channel detected at Tag AI_TK_011
4/24/2026 9:24:24 AM,202,Warning,WT8-GUI,83090122,HM,Overscaled Channel detected at Tag AI_TK_012
4/24/2026 9:24:24 AM,202,Warning,WT8-GUI,83090123,HM,Overscaled Channel detected at Tag AI_TK_013
4/24/2026 9:24:24 AM,202,Warning,WT8-GUI,83090124,HM,Overscaled Channel detected at Tag AI_TK_014
4/24/2026 9:24:24 AM,202,Warning,WT8-GUI,83090125,HM,Overscaled Channel detected at Tag AI_TK_015
4/24/2026 9:24:24 AM,202,Warning,WT8-GUI,83090126,HM,Overscaled Channel detected at Tag AI_TK_016
4/24/2026 9:24:24 AM,202,Warning,WT8-GUI,83090127,HM,Overscaled Channel detected at Tag AI_TK_017
4/24/2026 9:24:24 AM,202,Warning,WT8-GUI,83090128,HM,Overscaled Channel detected at Tag AI_TK_018
4/24/2026 9:24:24 AM,202,Warning,WT8-GUI,83090129,HM,Overscaled Channel detected at Tag AI_TK_001
4/24/2026 9:24:24 AM,202,Warning,WT8-GUI,83090130,HM,Overscaled Channel detected at Tag AI_TK_019
4/24/2026 9:24:24 AM,202,Warning,WT8-GUI,83090131,HM,Overscaled Channel detected at Tag AI_TK_020
4/24/2026 9:24:24 AM,202,Warning,WT8-GUI,83090132,HM,Overscaled Channel detected at Tag AI_TK_021
4/24/2026 9:24:24 AM,202,Warning,WT8-GUI,83090133,HM,Overscaled Channel detected at Tag AI_TK_022
4/24/2026 9:24:24 AM,202,Warning,WT8-GUI,83090134,HM,Overscaled Channel detected at Tag AI_TK_023
4/24/2026 9:24:24 AM,202,Warning,WT8-GUI,83090135,HM,Overscaled Channel detected at Tag AI_TK_024
4/24/2026 9:24:24 AM,202,Warning,WT8-GUI,83090136,HM,Overscaled Channel detected at Tag AI_TK_025
4/24/2026 9:24:24 AM,202,Warning,WT8-GUI,83090137,HM,Overscaled Channel detected at Tag AI_TK_026
4/24/2026 9:24:24 AM,202,Warning,WT8-GUI,83090138,HM,Overscaled Channel detected at Tag AI_TK_027
4/24/2026 9:24:24 AM,202,Warning,WT8-GUI,83090139,HM,Overscaled Channel detected at Tag AI_TK_028
4/24/2026 9:24:24 AM,202,Warning,WT8-GUI,83090140,HM,Overscaled Channel detected at Tag AI_TK_002
4/24/2026 9:24:24 AM,202,Warning,WT8-GUI,83090141,HM,Overscaled Channel detected at Tag AI_TK_029
4/24/2026 9:24:24 AM,202,Warning,WT8-GUI,83090142,HM,Overscaled Channel detected at Tag AI_TK_030
4/24/2026 9:24:24 AM,202,Warning,WT8-GUI,83090143,HM,Overscaled Channel detected at Tag AI_TK_003
4/24/2026 9:24:24 AM,202,Warning,WT8-GUI,83090144,HM,Overscaled Channel detected at Tag AI_TK_004
4/24/2026 9:24:24 AM,202,Warning,WT8-GUI,83090145,HM,Overscaled Channel detected at Tag AI_TK_005
4/24/2026 9:24:24 AM,202,Warning,WT8-GUI,83090146,HM,Overscaled Channel detected at Tag AI_TK_006
4/24/2026 9:24:24 AM,202,Warning,WT8-GUI,83090147,HM,Overscaled Channel detected at Tag AI_TK_007
4/24/2026 9:24:24 AM,202,Warning,WT8-GUI,83090148,HM,Overscaled Channel detected at Tag AI_TK_008
4/24/2026 9:24:24 AM,202,Warning,WT8-GUI,83090149,HM,Overscaled Channel detected at Tag AI_Volts_Shunt_000
4/24/2026 9:24:24 AM,202,Warning,WT8-GUI,83090150,HM,Overscaled Channel detected at Tag AI_Volts_Shunt_001
4/24/2026 9:24:24 AM,202,Warning,WT8-GUI,83090151,HM,Overscaled Channel detected at Tag AI_Volts_Shunt_003
4/24/2026 9:24:24 AM,202,Warning,WT8-GUI,83090152,HM,Overscaled Channel detected at Tag AI_Volts_Shunt_004
4/24/2026 9:24:24 AM,202,Warning,WT8-GUI,83090153,HM,Overscaled Channel detected at Tag AI_Volts_Shunt_006
4/24/2026 9:24:24 AM,202,Warning,WT8-GUI,83090154,HM,Overscaled Channel detected at Tag AI_Volts_Shunt_007
4/24/2026 9:24:24 AM,202,Warning,WT8-GUI,83090155,HM,Overscaled Channel detected at Tag AI_Volts_Shunt_008
4/24/2026 9:24:24 AM,202,Warning,WT8-GUI,83090156,HM,Overscaled Channel detected at Tag AI_Volts_Shunt_009
4/24/2026 9:24:24 AM,202,Warning,WT8-GUI,83090157,HM,Overscaled Channel detected at Tag AI_Volts_Shunt_010
4/24/2026 9:24:24 AM,202,Warning,WT8-GUI,83090158,HM,Overscaled Channel detected at Tag AI_Volts_Shunt_011
4/24/2026 9:24:24 AM,202,Warning,WT8-GUI,83090159,HM,Overscaled Channel detected at Tag AI_Volts_Shunt_012
4/24/2026 9:24:24 AM,202,Warning,WT8-GUI,83090160,HM,Overscaled Channel detected at Tag AI_Volts_Shunt_013
4/24/2026 9:24:24 AM,202,Warning,WT8-GUI,83090161,HM,Overscaled Channel detected at Tag AI_Volts_Shunt_014
4/24/2026 9:24:24 AM,202,Warning,WT8-GUI,83090162,HM,Overscaled Channel detected at Tag AI_Volts_Shunt_015
4/24/2026 9:24:24 AM,202,Warning,WT8-GUI,83090163,HM,Overscaled Channel detected at Tag AI_Strain_000
4/24/2026 9:24:24 AM,202,Warning,WT8-GUI,83090164,HM,Overscaled Channel detected at Tag AI_Strain_001
4/24/2026 9:24:24 AM,202,Warning,WT8-GUI,83090165,HM,Overscaled Channel detected at Tag AI_Strain_002
4/24/2026 9:24:24 AM,202,Warning,WT8-GUI,83090166,HM,Overscaled Channel detected at Tag AI_Strain_003
4/24/2026 9:24:24 AM,202,Warning,WT8-GUI,83090167,HM,Overscaled Channel detected at Tag AI_Strain_004
4/24/2026 9:24:24 AM,202,Warning,WT8-GUI,83090168,HM,Overscaled Channel detected at Tag AI_Strain_005
4/24/2026 9:24:24 AM,202,Warning,WT8-GUI,83090169,HM,Overscaled Channel detected at Tag AI_Strain_006
4/24/2026 9:24:24 AM,202,Warning,WT8-GUI,83090170,HM,Overscaled Channel detected at Tag AI_Strain_007
4/24/2026 9:24:24 AM,202,Warning,WT8-GUI,83090171,HM,Overscaled Channel detected at Tag AI_TT_000
4/24/2026 9:24:24 AM,202,Warning,WT8-GUI,83090172,HM,Overscaled Channel detected at Tag AI_TT_009
4/24/2026 9:24:24 AM,202,Warning,WT8-GUI,83090173,HM,Overscaled Channel detected at Tag AI_TT_010
4/24/2026 9:24:24 AM,202,Warning,WT8-GUI,83090174,HM,Overscaled Channel detected at Tag AI_TT_011
4/24/2026 9:24:24 AM,202,Warning,WT8-GUI,83090175,HM,Overscaled Channel detected at Tag AI_TT_012
4/24/2026 9:24:24 AM,202,Warning,WT8-GUI,83090176,HM,Overscaled Channel detected at Tag AI_TT_013
4/24/2026 9:24:24 AM,202,Warning,WT8-GUI,83090177,HM,Overscaled Channel detected at Tag AI_TT_014
4/24/2026 9:24:24 AM,202,Warning,WT8-GUI,83090178,HM,Overscaled Channel detected at Tag AI_TT_015
4/24/2026 9:24:24 AM,202,Warning,WT8-GUI,83090179,HM,Overscaled Channel detected at Tag AI_TT_016
4/24/2026 9:24:24 AM,202,Warning,WT8-GUI,83090180,HM,Overscaled Channel detected at Tag AI_TT_017
4/24/2026 9:24:24 AM,202,Warning,WT8-GUI,83090181,HM,Overscaled Channel detected at Tag AI_TT_018
4/24/2026 9:24:24 AM,202,Warning,WT8-GUI,83090182,HM,Overscaled Channel detected at Tag AI_TT_001
4/24/2026 9:24:24 AM,202,Warning,WT8-GUI,83090183,HM,Overscaled Channel detected at Tag AI_TT_019
4/24/2026 9:24:24 AM,202,Warning,WT8-GUI,83090184,HM,Overscaled Channel detected at Tag AI_TT_020
4/24/2026 9:24:24 AM,202,Warning,WT8-GUI,83090185,HM,Overscaled Channel detected at Tag AI_TT_021
4/24/2026 9:24:24 AM,202,Warning,WT8-GUI,83090186,HM,Overscaled Channel detected at Tag AI_TT_022
4/24/2026 9:24:24 AM,202,Warning,WT8-GUI,83090187,HM,Overscaled Channel detected at Tag AI_TT_023
4/24/2026 9:24:24 AM,202,Warning,WT8-GUI,83090188,HM,Overscaled Channel detected at Tag AI_TT_024
4/24/2026 9:24:24 AM,202,Warning,WT8-GUI,83090189,HM,Overscaled Channel detected at Tag AI_TT_025
4/24/2026 9:24:24 AM,202,Warning,WT8-GUI,83090190,HM,Overscaled Channel detected at Tag AI_TT_026
4/24/2026 9:24:24 AM,202,Warning,WT8-GUI,83090191,HM,Overscaled Channel detected at Tag AI_TT_027
4/24/2026 9:24:24 AM,202,Warning,WT8-GUI,83090192,HM,Overscaled Channel detected at Tag AI_TT_028
4/24/2026 9:24:24 AM,202,Warning,WT8-GUI,83090193,HM,Overscaled Channel detected at Tag AI_TT_002
4/24/2026 9:24:24 AM,202,Warning,WT8-GUI,83090194,HM,Overscaled Channel detected at Tag AI_TT_029
4/24/2026 9:24:24 AM,202,Warning,WT8-GUI,83090195,HM,Overscaled Channel detected at Tag AI_TT_030
4/24/2026 9:24:24 AM,202,Warning,WT8-GUI,83090196,HM,Overscaled Channel detected at Tag AI_TT_003
4/24/2026 9:24:24 AM,202,Warning,WT8-GUI,83090197,HM,Overscaled Channel detected at Tag AI_TT_004
4/24/2026 9:24:24 AM,202,Warning,WT8-GUI,83090198,HM,Overscaled Channel detected at Tag AI_TT_005
4/24/2026 9:24:24 AM,202,Warning,WT8-GUI,83090199,HM,Overscaled Channel detected at Tag AI_TT_006
4/24/2026 9:24:24 AM,202,Warning,WT8-GUI,83090200,HM,Overscaled Channel detected at Tag AI_TT_007
4/24/2026 9:24:24 AM,202,Warning,WT8-GUI,83090201,HM,Overscaled Channel detected at Tag AI_TT_008
4/24/2026 9:25:10 AM,301005,Warning,WT8-GUI,83090202,OPC,OPC Server Graybox.Simulator.1 on host localhost has not updated data in 2 minute(s).
4/24/2026 9:25:24 AM,202,Warning,WT8-GUI,83090203,HM,Overscaled Channel detected at Tag AI_TK_000
4/24/2026 9:25:24 AM,202,Warning,WT8-GUI,83090204,HM,Overscaled Channel detected at Tag AI_TK_009
4/24/2026 9:25:24 AM,202,Warning,WT8-GUI,83090205,HM,Overscaled Channel detected at Tag AI_TK_010
4/24/2026 9:25:24 AM,202,Warning,WT8-GUI,83090206,HM,Overscaled Channel detected at Tag AI_TK_011
4/24/2026 9:25:24 AM,202,Warning,WT8-GUI,83090207,HM,Overscaled Channel detected at Tag AI_TK_012
4/24/2026 9:25:24 AM,202,Warning,WT8-GUI,83090208,HM,Overscaled Channel detected at Tag AI_TK_013
4/24/2026 9:25:24 AM,202,Warning,WT8-GUI,83090209,HM,Overscaled Channel detected at Tag AI_TK_014
4/24/2026 9:25:24 AM,202,Warning,WT8-GUI,83090210,HM,Overscaled Channel detected at Tag AI_TK_015
4/24/2026 9:25:24 AM,202,Warning,WT8-GUI,83090211,HM,Overscaled Channel detected at Tag AI_TK_016
4/24/2026 9:25:24 AM,202,Warning,WT8-GUI,83090212,HM,Overscaled Channel detected at Tag AI_TK_017
4/24/2026 9:25:24 AM,202,Warning,WT8-GUI,83090213,HM,Overscaled Channel detected at Tag AI_TK_018
4/24/2026 9:25:24 AM,202,Warning,WT8-GUI,83090214,HM,Overscaled Channel detected at Tag AI_TK_001
4/24/2026 9:25:24 AM,202,Warning,WT8-GUI,83090215,HM,Overscaled Channel detected at Tag AI_TK_019
4/24/2026 9:25:24 AM,202,Warning,WT8-GUI,83090216,HM,Overscaled Channel detected at Tag AI_TK_020
4/24/2026 9:25:24 AM,202,Warning,WT8-GUI,83090217,HM,Overscaled Channel detected at Tag AI_TK_021
4/24/2026 9:25:24 AM,202,Warning,WT8-GUI,83090218,HM,Overscaled Channel detected at Tag AI_TK_022
4/24/2026 9:25:24 AM,202,Warning,WT8-GUI,83090219,HM,Overscaled Channel detected at Tag AI_TK_023
4/24/2026 9:25:24 AM,202,Warning,WT8-GUI,83090220,HM,Overscaled Channel detected at Tag AI_TK_024
4/24/2026 9:25:24 AM,202,Warning,WT8-GUI,83090221,HM,Overscaled Channel detected at Tag AI_TK_025
4/24/2026 9:25:24 AM,202,Warning,WT8-GUI,83090222,HM,Overscaled Channel detected at Tag AI_TK_026
4/24/2026 9:25:24 AM,202,Warning,WT8-GUI,83090223,HM,Overscaled Channel detected at Tag AI_TK_027
4/24/2026 9:25:24 AM,202,Warning,WT8-GUI,83090224,HM,Overscaled Channel detected at Tag AI_TK_028
4/24/2026 9:25:24 AM,202,Warning,WT8-GUI,83090225,HM,Overscaled Channel detected at Tag AI_TK_002
4/24/2026 9:25:24 AM,202,Warning,WT8-GUI,83090226,HM,Overscaled Channel detected at Tag AI_TK_029
4/24/2026 9:25:24 AM,202,Warning,WT8-GUI,83090227,HM,Overscaled Channel detected at Tag AI_TK_030
4/24/2026 9:25:24 AM,202,Warning,WT8-GUI,83090228,HM,Overscaled Channel detected at Tag AI_TK_003
4/24/2026 9:25:24 AM,202,Warning,WT8-GUI,83090229,HM,Overscaled Channel detected at Tag AI_TK_004
4/24/2026 9:25:24 AM,202,Warning,WT8-GUI,83090230,HM,Overscaled Channel detected at Tag AI_TK_005
4/24/2026 9:25:24 AM,202,Warning,WT8-GUI,83090231,HM,Overscaled Channel detected at Tag AI_TK_006
4/24/2026 9:25:24 AM,202,Warning,WT8-GUI,83090232,HM,Overscaled Channel detected at Tag AI_TK_007
4/24/2026 9:25:24 AM,202,Warning,WT8-GUI,83090233,HM,Overscaled Channel detected at Tag AI_TK_008
4/24/2026 9:25:24 AM,202,Warning,WT8-GUI,83090234,HM,Overscaled Channel detected at Tag AI_Volts_Shunt_000
4/24/2026 9:25:24 AM,202,Warning,WT8-GUI,83090235,HM,Overscaled Channel detected at Tag AI_Volts_Shunt_001
4/24/2026 9:25:24 AM,202,Warning,WT8-GUI,83090236,HM,Overscaled Channel detected at Tag AI_Volts_Shunt_003
4/24/2026 9:25:24 AM,202,Warning,WT8-GUI,83090237,HM,Overscaled Channel detected at Tag AI_Volts_Shunt_004
4/24/2026 9:25:24 AM,202,Warning,WT8-GUI,83090238,HM,Overscaled Channel detected at Tag AI_Volts_Shunt_006
4/24/2026 9:25:24 AM,202,Warning,WT8-GUI,83090239,HM,Overscaled Channel detected at Tag AI_Volts_Shunt_007
4/24/2026 9:25:24 AM,202,Warning,WT8-GUI,83090240,HM,Overscaled Channel detected at Tag AI_Volts_Shunt_008
4/24/2026 9:25:24 AM,202,Warning,WT8-GUI,83090241,HM,Overscaled Channel detected at Tag AI_Volts_Shunt_009
4/24/2026 9:25:24 AM,202,Warning,WT8-GUI,83090242,HM,Overscaled Channel detected at Tag AI_Volts_Shunt_010
4/24/2026 9:25:24 AM,202,Warning,WT8-GUI,83090243,HM,Overscaled Channel detected at Tag AI_Volts_Shunt_011
4/24/2026 9:25:24 AM,202,Warning,WT8-GUI,83090244,HM,Overscaled Channel detected at Tag AI_Volts_Shunt_012
4/24/2026 9:25:24 AM,202,Warning,WT8-GUI,83090245,HM,Overscaled Channel detected at Tag AI_Volts_Shunt_013
4/24/2026 9:25:24 AM,202,Warning,WT8-GUI,83090246,HM,Overscaled Channel detected at Tag AI_Volts_Shunt_014
4/24/2026 9:25:24 AM,202,Warning,WT8-GUI,83090247,HM,Overscaled Channel detected at Tag AI_Volts_Shunt_015
4/24/2026 9:25:24 AM,202,Warning,WT8-GUI,83090248,HM,Overscaled Channel detected at Tag AI_Strain_000
4/24/2026 9:25:24 AM,202,Warning,WT8-GUI,83090249,HM,Overscaled Channel detected at Tag AI_Strain_001
4/24/2026 9:25:24 AM,202,Warning,WT8-GUI,83090250,HM,Overscaled Channel detected at Tag AI_Strain_002
4/24/2026 9:25:24 AM,202,Warning,WT8-GUI,83090251,HM,Overscaled Channel detected at Tag AI_Strain_003
4/24/2026 9:25:24 AM,202,Warning,WT8-GUI,83090252,HM,Overscaled Channel detected at Tag AI_Strain_004
4/24/2026 9:25:24 AM,202,Warning,WT8-GUI,83090253,HM,Overscaled Channel detected at Tag AI_Strain_005
4/24/2026 9:25:24 AM,202,Warning,WT8-GUI,83090254,HM,Overscaled Channel detected at Tag AI_Strain_006
4/24/2026 9:25:24 AM,202,Warning,WT8-GUI,83090255,HM,Overscaled Channel detected at Tag AI_Strain_007
4/24/2026 9:25:24 AM,202,Warning,WT8-GUI,83090256,HM,Overscaled Channel detected at Tag AI_TT_000
4/24/2026 9:25:24 AM,202,Warning,WT8-GUI,83090257,HM,Overscaled Channel detected at Tag AI_TT_009
4/24/2026 9:25:24 AM,202,Warning,WT8-GUI,83090258,HM,Overscaled Channel detected at Tag AI_TT_010
4/24/2026 9:25:24 AM,202,Warning,WT8-GUI,83090259,HM,Overscaled Channel detected at Tag AI_TT_011
4/24/2026 9:25:24 AM,202,Warning,WT8-GUI,83090260,HM,Overscaled Channel detected at Tag AI_TT_012
4/24/2026 9:25:24 AM,202,Warning,WT8-GUI,83090261,HM,Overscaled Channel detected at Tag AI_TT_013
4/24/2026 9:25:24 AM,202,Warning,WT8-GUI,83090262,HM,Overscaled Channel detected at Tag AI_TT_014
4/24/2026 9:25:24 AM,202,Warning,WT8-GUI,83090263,HM,Overscaled Channel detected at Tag AI_TT_015
4/24/2026 9:25:24 AM,202,Warning,WT8-GUI,83090264,HM,Overscaled Channel detected at Tag AI_TT_016
4/24/2026 9:25:24 AM,202,Warning,WT8-GUI,83090265,HM,Overscaled Channel detected at Tag AI_TT_017
4/24/2026 9:25:24 AM,202,Warning,WT8-GUI,83090266,HM,Overscaled Channel detected at Tag AI_TT_018
4/24/2026 9:25:24 AM,202,Warning,WT8-GUI,83090267,HM,Overscaled Channel detected at Tag AI_TT_001
4/24/2026 9:25:24 AM,202,Warning,WT8-GUI,83090268,HM,Overscaled Channel detected at Tag AI_TT_019
4/24/2026 9:25:24 AM,202,Warning,WT8-GUI,83090269,HM,Overscaled Channel detected at Tag AI_TT_020
4/24/2026 9:25:24 AM,202,Warning,WT8-GUI,83090270,HM,Overscaled Channel detected at Tag AI_TT_021
4/24/2026 9:25:24 AM,202,Warning,WT8-GUI,83090271,HM,Overscaled Channel detected at Tag AI_TT_022
4/24/2026 9:25:24 AM,202,Warning,WT8-GUI,83090272,HM,Overscaled Channel detected at Tag AI_TT_023
4/24/2026 9:25:24 AM,202,Warning,WT8-GUI,83090273,HM,Overscaled Channel detected at Tag AI_TT_024
4/24/2026 9:25:24 AM,202,Warning,WT8-GUI,83090274,HM,Overscaled Channel detected at Tag AI_TT_025
4/24/2026 9:25:24 AM,202,Warning,WT8-GUI,83090275,HM,Overscaled Channel detected at Tag AI_TT_026
4/24/2026 9:25:24 AM,202,Warning,WT8-GUI,83090276,HM,Overscaled Channel detected at Tag AI_TT_027
4/24/2026 9:25:24 AM,202,Warning,WT8-GUI,83090277,HM,Overscaled Channel detected at Tag AI_TT_028
4/24/2026 9:25:24 AM,202,Warning,WT8-GUI,83090278,HM,Overscaled Channel detected at Tag AI_TT_002
4/24/2026 9:25:24 AM,202,Warning,WT8-GUI,83090279,HM,Overscaled Channel detected at Tag AI_TT_029
4/24/2026 9:25:24 AM,202,Warning,WT8-GUI,83090280,HM,Overscaled Channel detected at Tag AI_TT_030
4/24/2026 9:25:24 AM,202,Warning,WT8-GUI,83090281,HM,Overscaled Channel detected at Tag AI_TT_003
4/24/2026 9:25:24 AM,202,Warning,WT8-GUI,83090282,HM,Overscaled Channel detected at Tag AI_TT_004
4/24/2026 9:25:24 AM,202,Warning,WT8-GUI,83090283,HM,Overscaled Channel detected at Tag AI_TT_005
4/24/2026 9:25:24 AM,202,Warning,WT8-GUI,83090284,HM,Overscaled Channel detected at Tag AI_TT_006
4/24/2026 9:25:24 AM,202,Warning,WT8-GUI,83090285,HM,Overscaled Channel detected at Tag AI_TT_007
4/24/2026 9:25:24 AM,202,Warning,WT8-GUI,83090286,HM,Overscaled Channel detected at Tag AI_TT_008
4/24/2026 9:26:10 AM,301005,Warning,WT8-GUI,83090287,OPC,OPC Server Graybox.Simulator.1 on host localhost has not updated data in 3 minute(s).
4/24/2026 9:26:24 AM,202,Warning,WT8-GUI,83090288,HM,Overscaled Channel detected at Tag AI_TK_000
4/24/2026 9:26:24 AM,202,Warning,WT8-GUI,83090289,HM,Overscaled Channel detected at Tag AI_TK_009
4/24/2026 9:26:24 AM,202,Warning,WT8-GUI,83090290,HM,Overscaled Channel detected at Tag AI_TK_010
4/24/2026 9:26:24 AM,202,Warning,WT8-GUI,83090291,HM,Overscaled Channel detected at Tag AI_TK_011
4/24/2026 9:26:24 AM,202,Warning,WT8-GUI,83090292,HM,Overscaled Channel detected at Tag AI_TK_012
4/24/2026 9:26:24 AM,202,Warning,WT8-GUI,83090293,HM,Overscaled Channel detected at Tag AI_TK_013
4/24/2026 9:26:24 AM,202,Warning,WT8-GUI,83090294,HM,Overscaled Channel detected at Tag AI_TK_014
4/24/2026 9:26:24 AM,202,Warning,WT8-GUI,83090295,HM,Overscaled Channel detected at Tag AI_TK_015
4/24/2026 9:26:24 AM,202,Warning,WT8-GUI,83090296,HM,Overscaled Channel detected at Tag AI_TK_016
4/24/2026 9:26:24 AM,202,Warning,WT8-GUI,83090297,HM,Overscaled Channel detected at Tag AI_TK_017
4/24/2026 9:26:24 AM,202,Warning,WT8-GUI,83090298,HM,Overscaled Channel detected at Tag AI_TK_018
4/24/2026 9:26:24 AM,202,Warning,WT8-GUI,83090299,HM,Overscaled Channel detected at Tag AI_TK_001
4/24/2026 9:26:24 AM,202,Warning,WT8-GUI,83090300,HM,Overscaled Channel detected at Tag AI_TK_019
4/24/2026 9:26:24 AM,202,Warning,WT8-GUI,83090301,HM,Overscaled Channel detected at Tag AI_TK_020
4/24/2026 9:26:24 AM,202,Warning,WT8-GUI,83090302,HM,Overscaled Channel detected at Tag AI_TK_021
4/24/2026 9:26:24 AM,202,Warning,WT8-GUI,83090303,HM,Overscaled Channel detected at Tag AI_TK_022
4/24/2026 9:26:24 AM,202,Warning,WT8-GUI,83090304,HM,Overscaled Channel detected at Tag AI_TK_023
4/24/2026 9:26:24 AM,202,Warning,WT8-GUI,83090305,HM,Overscaled Channel detected at Tag AI_TK_024
4/24/2026 9:26:24 AM,202,Warning,WT8-GUI,83090306,HM,Overscaled Channel detected at Tag AI_TK_025
4/24/2026 9:26:24 AM,202,Warning,WT8-GUI,83090307,HM,Overscaled Channel detected at Tag AI_TK_026
4/24/2026 9:26:24 AM,202,Warning,WT8-GUI,83090308,HM,Overscaled Channel detected at Tag AI_TK_027
4/24/2026 9:26:24 AM,202,Warning,WT8-GUI,83090309,HM,Overscaled Channel detected at Tag AI_TK_028
4/24/2026 9:26:24 AM,202,Warning,WT8-GUI,83090310,HM,Overscaled Channel detected at Tag AI_TK_002
4/24/2026 9:26:24 AM,202,Warning,WT8-GUI,83090311,HM,Overscaled Channel detected at Tag AI_TK_029
4/24/2026 9:26:24 AM,202,Warning,WT8-GUI,83090312,HM,Overscaled Channel detected at Tag AI_TK_030
4/24/2026 9:26:24 AM,202,Warning,WT8-GUI,83090313,HM,Overscaled Channel detected at Tag AI_TK_003
4/24/2026 9:26:24 AM,202,Warning,WT8-GUI,83090314,HM,Overscaled Channel detected at Tag AI_TK_004
4/24/2026 9:26:24 AM,202,Warning,WT8-GUI,83090315,HM,Overscaled Channel detected at Tag AI_TK_005
4/24/2026 9:26:24 AM,202,Warning,WT8-GUI,83090316,HM,Overscaled Channel detected at Tag AI_TK_006
4/24/2026 9:26:24 AM,202,Warning,WT8-GUI,83090317,HM,Overscaled Channel detected at Tag AI_TK_007
4/24/2026 9:26:24 AM,202,Warning,WT8-GUI,83090318,HM,Overscaled Channel detected at Tag AI_TK_008
4/24/2026 9:26:24 AM,202,Warning,WT8-GUI,83090319,HM,Overscaled Channel detected at Tag AI_Volts_Shunt_000
4/24/2026 9:26:24 AM,202,Warning,WT8-GUI,83090320,HM,Overscaled Channel detected at Tag AI_Volts_Shunt_001
4/24/2026 9:26:24 AM,202,Warning,WT8-GUI,83090321,HM,Overscaled Channel detected at Tag AI_Volts_Shunt_003
4/24/2026 9:26:24 AM,202,Warning,WT8-GUI,83090322,HM,Overscaled Channel detected at Tag AI_Volts_Shunt_004
4/24/2026 9:26:24 AM,202,Warning,WT8-GUI,83090323,HM,Overscaled Channel detected at Tag AI_Volts_Shunt_006
4/24/2026 9:26:24 AM,202,Warning,WT8-GUI,83090324,HM,Overscaled Channel detected at Tag AI_Volts_Shunt_007
4/24/2026 9:26:24 AM,202,Warning,WT8-GUI,83090325,HM,Overscaled Channel detected at Tag AI_Volts_Shunt_008
4/24/2026 9:26:24 AM,202,Warning,WT8-GUI,83090326,HM,Overscaled Channel detected at Tag AI_Volts_Shunt_009
4/24/2026 9:26:24 AM,202,Warning,WT8-GUI,83090327,HM,Overscaled Channel detected at Tag AI_Volts_Shunt_010
4/24/2026 9:26:24 AM,202,Warning,WT8-GUI,83090328,HM,Overscaled Channel detected at Tag AI_Volts_Shunt_011
4/24/2026 9:26:24 AM,202,Warning,WT8-GUI,83090329,HM,Overscaled Channel detected at Tag AI_Volts_Shunt_012
4/24/2026 9:26:24 AM,202,Warning,WT8-GUI,83090330,HM,Overscaled Channel detected at Tag AI_Volts_Shunt_013
4/24/2026 9:26:24 AM,202,Warning,WT8-GUI,83090331,HM,Overscaled Channel detected at Tag AI_Volts_Shunt_014
4/24/2026 9:26:24 AM,202,Warning,WT8-GUI,83090332,HM,Overscaled Channel detected at Tag AI_Volts_Shunt_015
4/24/2026 9:26:24 AM,202,Warning,WT8-GUI,83090333,HM,Overscaled Channel detected at Tag AI_Strain_000
4/24/2026 9:26:24 AM,202,Warning,WT8-GUI,83090334,HM,Overscaled Channel detected at Tag AI_Strain_001
4/24/2026 9:26:24 AM,202,Warning,WT8-GUI,83090335,HM,Overscaled Channel detected at Tag AI_Strain_002
4/24/2026 9:26:24 AM,202,Warning,WT8-GUI,83090336,HM,Overscaled Channel detected at Tag AI_Strain_003
4/24/2026 9:26:24 AM,202,Warning,WT8-GUI,83090337,HM,Overscaled Channel detected at Tag AI_Strain_004
4/24/2026 9:26:24 AM,202,Warning,WT8-GUI,83090338,HM,Overscaled Channel detected at Tag AI_Strain_005
4/24/2026 9:26:24 AM,202,Warning,WT8-GUI,83090339,HM,Overscaled Channel detected at Tag AI_Strain_006
4/24/2026 9:26:24 AM,202,Warning,WT8-GUI,83090340,HM,Overscaled Channel detected at Tag AI_Strain_007
4/24/2026 9:26:24 AM,202,Warning,WT8-GUI,83090341,HM,Overscaled Channel detected at Tag AI_TT_000
4/24/2026 9:26:24 AM,202,Warning,WT8-GUI,83090342,HM,Overscaled Channel detected at Tag AI_TT_009
4/24/2026 9:26:24 AM,202,Warning,WT8-GUI,83090343,HM,Overscaled Channel detected at Tag AI_TT_010
4/24/2026 9:26:24 AM,202,Warning,WT8-GUI,83090344,HM,Overscaled Channel detected at Tag AI_TT_011
4/24/2026 9:26:24 AM,202,Warning,WT8-GUI,83090345,HM,Overscaled Channel detected at Tag AI_TT_012
4/24/2026 9:26:24 AM,202,Warning,WT8-GUI,83090346,HM,Overscaled Channel detected at Tag AI_TT_013
4/24/2026 9:26:24 AM,202,Warning,WT8-GUI,83090347,HM,Overscaled Channel detected at Tag AI_TT_014
4/24/2026 9:26:24 AM,202,Warning,WT8-GUI,83090348,HM,Overscaled Channel detected at Tag AI_TT_015
4/24/2026 9:26:24 AM,202,Warning,WT8-GUI,83090349,HM,Overscaled Channel detected at Tag AI_TT_016
4/24/2026 9:26:24 AM,202,Warning,WT8-GUI,83090350,HM,Overscaled Channel detected at Tag AI_TT_017
4/24/2026 9:26:24 AM,202,Warning,WT8-GUI,83090351,HM,Overscaled Channel detected at Tag AI_TT_018
4/24/2026 9:26:24 AM,202,Warning,WT8-GUI,83090352,HM,Overscaled Channel detected at Tag AI_TT_001
4/24/2026 9:26:24 AM,202,Warning,WT8-GUI,83090353,HM,Overscaled Channel detected at Tag AI_TT_019
4/24/2026 9:26:24 AM,202,Warning,WT8-GUI,83090354,HM,Overscaled Channel detected at Tag AI_TT_020
4/24/2026 9:26:24 AM,202,Warning,WT8-GUI,83090355,HM,Overscaled Channel detected at Tag AI_TT_021
4/24/2026 9:26:24 AM,202,Warning,WT8-GUI,83090356,HM,Overscaled Channel detected at Tag AI_TT_022
4/24/2026 9:26:24 AM,202,Warning,WT8-GUI,83090357,HM,Overscaled Channel detected at Tag AI_TT_023
4/24/2026 9:26:24 AM,202,Warning,WT8-GUI,83090358,HM,Overscaled Channel detected at Tag AI_TT_024
4/24/2026 9:26:24 AM,202,Warning,WT8-GUI,83090359,HM,Overscaled Channel detected at Tag AI_TT_025
4/24/2026 9:26:24 AM,202,Warning,WT8-GUI,83090360,HM,Overscaled Channel detected at Tag AI_TT_026
4/24/2026 9:26:24 AM,202,Warning,WT8-GUI,83090361,HM,Overscaled Channel detected at Tag AI_TT_027
4/24/2026 9:26:24 AM,202,Warning,WT8-GUI,83090362,HM,Overscaled Channel detected at Tag AI_TT_028
4/24/2026 9:26:24 AM,202,Warning,WT8-GUI,83090363,HM,Overscaled Channel detected at Tag AI_TT_002
4/24/2026 9:26:24 AM,202,Warning,WT8-GUI,83090364,HM,Overscaled Channel detected at Tag AI_TT_029
4/24/2026 9:26:24 AM,202,Warning,WT8-GUI,83090365,HM,Overscaled Channel detected at Tag AI_TT_030
4/24/2026 9:26:24 AM,202,Warning,WT8-GUI,83090366,HM,Overscaled Channel detected at Tag AI_TT_003
4/24/2026 9:26:24 AM,202,Warning,WT8-GUI,83090367,HM,Overscaled Channel detected at Tag AI_TT_004
4/24/2026 9:26:24 AM,202,Warning,WT8-GUI,83090368,HM,Overscaled Channel detected at Tag AI_TT_005
4/24/2026 9:26:24 AM,202,Warning,WT8-GUI,83090369,HM,Overscaled Channel detected at Tag AI_TT_006
4/24/2026 9:26:24 AM,202,Warning,WT8-GUI,83090370,HM,Overscaled Channel detected at Tag AI_TT_007
4/24/2026 9:26:24 AM,202,Warning,WT8-GUI,83090371,HM,Overscaled Channel detected at Tag AI_TT_008
4/24/2026 9:27:10 AM,301005,Warning,WT8-GUI,83090372,OPC,OPC Server Graybox.Simulator.1 on host localhost has not updated data in 4 minute(s).
4/24/2026 9:27:24 AM,202,Warning,WT8-GUI,83090373,HM,Overscaled Channel detected at Tag AI_TK_000
4/24/2026 9:27:24 AM,202,Warning,WT8-GUI,83090374,HM,Overscaled Channel detected at Tag AI_TK_009
4/24/2026 9:27:24 AM,202,Warning,WT8-GUI,83090375,HM,Overscaled Channel detected at Tag AI_TK_010
4/24/2026 9:27:24 AM,202,Warning,WT8-GUI,83090376,HM,Overscaled Channel detected at Tag AI_TK_011
4/24/2026 9:27:24 AM,202,Warning,WT8-GUI,83090377,HM,Overscaled Channel detected at Tag AI_TK_012
4/24/2026 9:27:24 AM,202,Warning,WT8-GUI,83090378,HM,Overscaled Channel detected at Tag AI_TK_013
4/24/2026 9:27:24 AM,202,Warning,WT8-GUI,83090379,HM,Overscaled Channel detected at Tag AI_TK_014
4/24/2026 9:27:24 AM,202,Warning,WT8-GUI,83090380,HM,Overscaled Channel detected at Tag AI_TK_015
4/24/2026 9:27:24 AM,202,Warning,WT8-GUI,83090381,HM,Overscaled Channel detected at Tag AI_TK_016
4/24/2026 9:27:24 AM,202,Warning,WT8-GUI,83090382,HM,Overscaled Channel detected at Tag AI_TK_017
4/24/2026 9:27:24 AM,202,Warning,WT8-GUI,83090383,HM,Overscaled Channel detected at Tag AI_TK_018
4/24/2026 9:27:24 AM,202,Warning,WT8-GUI,83090384,HM,Overscaled Channel detected at Tag AI_TK_001
4/24/2026 9:27:24 AM,202,Warning,WT8-GUI,83090385,HM,Overscaled Channel detected at Tag AI_TK_019
4/24/2026 9:27:24 AM,202,Warning,WT8-GUI,83090386,HM,Overscaled Channel detected at Tag AI_TK_020
4/24/2026 9:27:24 AM,202,Warning,WT8-GUI,83090387,HM,Overscaled Channel detected at Tag AI_TK_021
4/24/2026 9:27:24 AM,202,Warning,WT8-GUI,83090388,HM,Overscaled Channel detected at Tag AI_TK_022
4/24/2026 9:27:24 AM,202,Warning,WT8-GUI,83090389,HM,Overscaled Channel detected at Tag AI_TK_023
4/24/2026 9:27:24 AM,202,Warning,WT8-GUI,83090390,HM,Overscaled Channel detected at Tag AI_TK_024
4/24/2026 9:27:24 AM,202,Warning,WT8-GUI,83090391,HM,Overscaled Channel detected at Tag AI_TK_025
4/24/2026 9:27:24 AM,202,Warning,WT8-GUI,83090392,HM,Overscaled Channel detected at Tag AI_TK_026
4/24/2026 9:27:24 AM,202,Warning,WT8-GUI,83090393,HM,Overscaled Channel detected at Tag AI_TK_027
4/24/2026 9:27:24 AM,202,Warning,WT8-GUI,83090394,HM,Overscaled Channel detected at Tag AI_TK_028
4/24/2026 9:27:24 AM,202,Warning,WT8-GUI,83090395,HM,Overscaled Channel detected at Tag AI_TK_002
4/24/2026 9:27:24 AM,202,Warning,WT8-GUI,83090396,HM,Overscaled Channel detected at Tag AI_TK_029
4/24/2026 9:27:24 AM,202,Warning,WT8-GUI,83090397,HM,Overscaled Channel detected at Tag AI_TK_030
4/24/2026 9:27:24 AM,202,Warning,WT8-GUI,83090398,HM,Overscaled Channel detected at Tag AI_TK_003
4/24/2026 9:27:24 AM,202,Warning,WT8-GUI,83090399,HM,Overscaled Channel detected at Tag AI_TK_004
4/24/2026 9:27:24 AM,202,Warning,WT8-GUI,83090400,HM,Overscaled Channel detected at Tag AI_TK_005
4/24/2026 9:27:24 AM,202,Warning,WT8-GUI,83090401,HM,Overscaled Channel detected at Tag AI_TK_006
4/24/2026 9:27:24 AM,202,Warning,WT8-GUI,83090402,HM,Overscaled Channel detected at Tag AI_TK_007
4/24/2026 9:27:24 AM,202,Warning,WT8-GUI,83090403,HM,Overscaled Channel detected at Tag AI_TK_008
4/24/2026 9:27:24 AM,202,Warning,WT8-GUI,83090404,HM,Overscaled Channel detected at Tag AI_Volts_Shunt_000
4/24/2026 9:27:24 AM,202,Warning,WT8-GUI,83090405,HM,Overscaled Channel detected at Tag AI_Volts_Shunt_001
4/24/2026 9:27:24 AM,202,Warning,WT8-GUI,83090406,HM,Overscaled Channel detected at Tag AI_Volts_Shunt_003
4/24/2026 9:27:24 AM,202,Warning,WT8-GUI,83090407,HM,Overscaled Channel detected at Tag AI_Volts_Shunt_004
4/24/2026 9:27:24 AM,202,Warning,WT8-GUI,83090408,HM,Overscaled Channel detected at Tag AI_Volts_Shunt_006
4/24/2026 9:27:24 AM,202,Warning,WT8-GUI,83090409,HM,Overscaled Channel detected at Tag AI_Volts_Shunt_007
4/24/2026 9:27:24 AM,202,Warning,WT8-GUI,83090410,HM,Overscaled Channel detected at Tag AI_Volts_Shunt_008
4/24/2026 9:27:24 AM,202,Warning,WT8-GUI,83090411,HM,Overscaled Channel detected at Tag AI_Volts_Shunt_009
4/24/2026 9:27:24 AM,202,Warning,WT8-GUI,83090412,HM,Overscaled Channel detected at Tag AI_Volts_Shunt_010
4/24/2026 9:27:24 AM,202,Warning,WT8-GUI,83090413,HM,Overscaled Channel detected at Tag AI_Volts_Shunt_011
4/24/2026 9:27:24 AM,202,Warning,WT8-GUI,83090414,HM,Overscaled Channel detected at Tag AI_Volts_Shunt_012
4/24/2026 9:27:24 AM,202,Warning,WT8-GUI,83090415,HM,Overscaled Channel detected at Tag AI_Volts_Shunt_013
4/24/2026 9:27:24 AM,202,Warning,WT8-GUI,83090416,HM,Overscaled Channel detected at Tag AI_Volts_Shunt_014
4/24/2026 9:27:24 AM,202,Warning,WT8-GUI,83090417,HM,Overscaled Channel detected at Tag AI_Volts_Shunt_015
4/24/2026 9:27:24 AM,202,Warning,WT8-GUI,83090418,HM,Overscaled Channel detected at Tag AI_Strain_000
4/24/2026 9:27:24 AM,202,Warning,WT8-GUI,83090419,HM,Overscaled Channel detected at Tag AI_Strain_001
4/24/2026 9:27:24 AM,202,Warning,WT8-GUI,83090420,HM,Overscaled Channel detected at Tag AI_Strain_002
4/24/2026 9:27:24 AM,202,Warning,WT8-GUI,83090421,HM,Overscaled Channel detected at Tag AI_Strain_003
4/24/2026 9:27:24 AM,202,Warning,WT8-GUI,83090422,HM,Overscaled Channel detected at Tag AI_Strain_004
4/24/2026 9:27:24 AM,202,Warning,WT8-GUI,83090423,HM,Overscaled Channel detected at Tag AI_Strain_005
4/24/2026 9:27:24 AM,202,Warning,WT8-GUI,83090424,HM,Overscaled Channel detected at Tag AI_Strain_006
4/24/2026 9:27:24 AM,202,Warning,WT8-GUI,83090425,HM,Overscaled Channel detected at Tag AI_Strain_007
4/24/2026 9:27:24 AM,202,Warning,WT8-GUI,83090426,HM,Overscaled Channel detected at Tag AI_TT_000
4/24/2026 9:27:24 AM,202,Warning,WT8-GUI,83090427,HM,Overscaled Channel detected at Tag AI_TT_009
4/24/2026 9:27:24 AM,202,Warning,WT8-GUI,83090428,HM,Overscaled Channel detected at Tag AI_TT_010
4/24/2026 9:27:24 AM,202,Warning,WT8-GUI,83090429,HM,Overscaled Channel detected at Tag AI_TT_011
4/24/2026 9:27:24 AM,202,Warning,WT8-GUI,83090430,HM,Overscaled Channel detected at Tag AI_TT_012
4/24/2026 9:27:24 AM,202,Warning,WT8-GUI,83090431,HM,Overscaled Channel detected at Tag AI_TT_013
4/24/2026 9:27:24 AM,202,Warning,WT8-GUI,83090432,HM,Overscaled Channel detected at Tag AI_TT_014
4/24/2026 9:27:24 AM,202,Warning,WT8-GUI,83090433,HM,Overscaled Channel detected at Tag AI_TT_015
4/24/2026 9:27:24 AM,202,Warning,WT8-GUI,83090434,HM,Overscaled Channel detected at Tag AI_TT_016
4/24/2026 9:27:24 AM,202,Warning,WT8-GUI,83090435,HM,Overscaled Channel detected at Tag AI_TT_017
4/24/2026 9:27:24 AM,202,Warning,WT8-GUI,83090436,HM,Overscaled Channel detected at Tag AI_TT_018
4/24/2026 9:27:24 AM,202,Warning,WT8-GUI,83090437,HM,Overscaled Channel detected at Tag AI_TT_001
4/24/2026 9:27:24 AM,202,Warning,WT8-GUI,83090438,HM,Overscaled Channel detected at Tag AI_TT_019
4/24/2026 9:27:24 AM,202,Warning,WT8-GUI,83090439,HM,Overscaled Channel detected at Tag AI_TT_020
4/24/2026 9:27:24 AM,202,Warning,WT8-GUI,83090440,HM,Overscaled Channel detected at Tag AI_TT_021
4/24/2026 9:27:24 AM,202,Warning,WT8-GUI,83090441,HM,Overscaled Channel detected at Tag AI_TT_022
4/24/2026 9:27:24 AM,202,Warning,WT8-GUI,83090442,HM,Overscaled Channel detected at Tag AI_TT_023
4/24/2026 9:27:24 AM,202,Warning,WT8-GUI,83090443,HM,Overscaled Channel detected at Tag AI_TT_024
4/24/2026 9:27:24 AM,202,Warning,WT8-GUI,83090444,HM,Overscaled Channel detected at Tag AI_TT_025
4/24/2026 9:27:24 AM,202,Warning,WT8-GUI,83090445,HM,Overscaled Channel detected at Tag AI_TT_026
4/24/2026 9:27:24 AM,202,Warning,WT8-GUI,83090446,HM,Overscaled Channel detected at Tag AI_TT_027
4/24/2026 9:27:24 AM,202,Warning,WT8-GUI,83090447,HM,Overscaled Channel detected at Tag AI_TT_028
4/24/2026 9:27:24 AM,202,Warning,WT8-GUI,83090448,HM,Overscaled Channel detected at Tag AI_TT_002
4/24/2026 9:27:24 AM,202,Warning,WT8-GUI,83090449,HM,Overscaled Channel detected at Tag AI_TT_029
4/24/2026 9:27:24 AM,202,Warning,WT8-GUI,83090450,HM,Overscaled Channel detected at Tag AI_TT_030
4/24/2026 9:27:24 AM,202,Warning,WT8-GUI,83090451,HM,Overscaled Channel detected at Tag AI_TT_003
4/24/2026 9:27:24 AM,202,Warning,WT8-GUI,83090452,HM,Overscaled Channel detected at Tag AI_TT_004
4/24/2026 9:27:24 AM,202,Warning,WT8-GUI,83090453,HM,Overscaled Channel detected at Tag AI_TT_005
4/24/2026 9:27:24 AM,202,Warning,WT8-GUI,83090454,HM,Overscaled Channel detected at Tag AI_TT_006
4/24/2026 9:27:24 AM,202,Warning,WT8-GUI,83090455,HM,Overscaled Channel detected at Tag AI_TT_007
4/24/2026 9:27:24 AM,202,Warning,WT8-GUI,83090456,HM,Overscaled Channel detected at Tag AI_TT_008
4/24/2026 9:27:47 AM,4,Info,WT8-GUI,83090457,DATASTORE,Group 1 Storage Request  Complete
4/24/2026 9:27:56 AM,4,Info,WT8-GUI,83090458,DATASTORE,Group 1 ready to store data. Initialization  Complete
4/24/2026 9:27:56 AM,0,Debug,WT8-GUI,83090459,Custom Init,"NEW DATA FOLDER: C:\Data\_Facility\DE9956_Ohio State University FSAE_aero_90_240426_092310
Use Custom Init: 0
Custom Init: C:\Data\CustomInit\Custom_Init_Template.xls"
4/24/2026 9:27:56 AM,0,Debug,WT8-GUI,83090460,Custom Init,"NEW DATA FOLDER: C:\Data\_Facility\DE9956_Ohio State University FSAE_aero_90_240426_092310
Use Custom Init: 0
Custom Init: C:\Data\CustomInit\Custom_Init_Template.xls"
4/24/2026 9:27:56 AM,4,Info,WT8-GUI,83090461,DATASTORE,Group 2 ready to store data. Initialization  Complete
4/24/2026 9:27:57 AM,6,Info,WT8-GUI,83090462,DATASTORE,DATASTORE Inactive
4/24/2026 9:28:00 AM,4,Info,WT8-GUI,83090465,,Autoconvert of C:\Data\_Facility\DE9956_Ohio State University FSAE_aero_90_240426_092310\D1.dat complete.
4/24/2026 9:28:00 AM,2,Info,WT8-GUI,83090463,ADTMGR,ADTMGR entering Idle mode
4/24/2026 9:28:00 AM,0,Debug,WT8-GUI,83090464,"Spawn VI.vi/Ford.TestSLATE.ADTMgr.lvlib:STOPPED FUNCTION.vi/Ford.TestSLATE.ADTMgr.lvlib:Performance Functions.vi
",C:\Program Files\Jacobs\Test SLATE\Ford.TestSLATE.ConvSelectCriteria.llb\Select Convergence Criteria.vi
4/24/2026 9:28:05 AM,4,Info,WT8-GUI,83090466,,Autoconvert of C:\Data\_Facility\DE9956_Ohio State University FSAE_aero_90_240426_092310\P1.dat complete.
4/24/2026 9:28:09 AM,4,Info,WT8-GUI,83090467,,Autoconvert of C:\Data\_Facility\DE9956_Ohio State University FSAE_aero_90_240426_092310\C1.dat complete.
4/24/2026 9:28:10 AM,301005,Warning,WT8-GUI,83090468,OPC,OPC Server Graybox.Simulator.1 on host localhost has not updated data in 5 minute(s).
4/24/2026 9:28:14 AM,2,Info,WT8-GUI,83090469,ADTMGR,ADTMGR entering Idle mode
4/24/2026 9:28:14 AM,0,Debug,WT8-GUI,83090470,"Spawn VI.vi/Ford.TestSLATE.ADTMgr.lvlib:STOPPED FUNCTION.vi/Ford.TestSLATE.ADTMgr.lvlib:Performance Functions.vi
",C:\Program Files\Jacobs\Test SLATE\Ford.TestSLATE.ConvSelectCriteria.llb\Select Convergence Criteria.vi
4/24/2026 9:28:15 AM,3,Info,WT8-GUI,83090471,DATASTORE,DATASTORE Reload Database Settings Complete
4/24/2026 9:28:15 AM,1,Info,WT8-GUI,83090472,DATASTORE,DATASTORE Started/Initialized
4/24/2026 9:28:15 AM,0,Info,WT8-GUI,83090473,DATASTORE,Created data file C:\Data\_Facility\DE9956_Ohio State University FSAE_aero_1_240426_092310\LOG.dat
4/24/2026 9:28:15 AM,4,Info,WT8-GUI,83090474,DATASTORE,Log Storage ready to store data. Initialization  Complete
4/24/2026 9:28:15 AM,97,Info,WT8-GUI,83090475,DATASTORE,"Log (Record 1) data storage initiated:  Duration Continuous, Samples to Average 60, Rate 1 min 0.00 secs ."
4/24/2026 9:28:15 AM,0,Info,WT8-GUI,83090476,DATASTORE,Created data file C:\Data\_Facility\DE9956_Ohio State University FSAE_aero_1_240426_092310\D2.dat
4/24/2026 9:28:15 AM,4,Info,WT8-GUI,83090477,DATASTORE,Group 2 ready to store data. Initialization  Complete
4/24/2026 9:28:15 AM,0,Debug,WT8-GUI,83090478,Custom Init,"NEW DATA FOLDER: C:\Data\_Facility\DE9956_Ohio State University FSAE_aero_1_240426_092310
Use Custom Init: 0
Custom Init: C:\Data\CustomInit\Custom_Init_Template.xls"
4/24/2026 9:28:15 AM,0,Info,WT8-GUI,83090479,DATASTORE,Created data file C:\Data\_Facility\DE9956_Ohio State University FSAE_aero_1_240426_092310\D1.dat
4/24/2026 9:28:15 AM,4,Info,WT8-GUI,83090480,DATASTORE,Burst ready to store data. Initialization  Complete
4/24/2026 9:28:15 AM,4,Info,WT8-GUI,83090481,DATASTORE,Group 1 ready to store data. Initialization  Complete
4/24/2026 9:28:15 AM,0,Debug,WT8-GUI,83090482,Custom Init,"NEW DATA FOLDER: C:\Data\_Facility\DE9956_Ohio State University FSAE_aero_1_240426_092310
Use Custom Init: 0
Custom Init: C:\Data\CustomInit\Custom_Init_Template.xls"
4/24/2026 9:28:15 AM,106,Debug,WT8-GUI,83090483,Reflective Memory,ms specified at Reflective Memory Current Value Table Write is not performing within tolerance. Actual Rate 40 ms could indicate that data has been lost and other performance issues.
4/24/2026 9:28:18 AM,4,Info,WT8-GUI,83090484,,Autoconvert of C:\Data\_Facility\DE9956_Ohio State University FSAE_aero_90_240426_092310\P1.dat complete.
4/24/2026 9:28:18 AM,2,Info,WT8-GUI,83090485,ADTMGR,ADTMGR entering Idle mode
4/24/2026 9:28:18 AM,0,Debug,WT8-GUI,83090486,"Spawn VI.vi/Ford.TestSLATE.ADTMgr.lvlib:STOPPED FUNCTION.vi/Ford.TestSLATE.ADTMgr.lvlib:Performance Functions.vi
",C:\Program Files\Jacobs\Test SLATE\Ford.TestSLATE.ConvSelectCriteria.llb\Select Convergence Criteria.vi
